,date,time,tempC
0,2020-01-01,0,8
1,2020-01-01,100,7
2,2020-01-01,200,7
3,2020-01-01,300,7
4,2020-01-01,400,6
5,2020-01-01,500,6
6,2020-01-01,600,6
7,2020-01-01,700,5
8,2020-01-01,800,5
9,2020-01-01,900,4
10,2020-01-01,1000,5
11,2020-01-01,1100,6
12,2020-01-01,1200,7
13,2020-01-01,1300,7
14,2020-01-01,1400,7
15,2020-01-01,1500,7
16,2020-01-01,1600,6
17,2020-01-01,1700,6
18,2020-01-01,1800,5
19,2020-01-01,1900,4
20,2020-01-01,2000,3
21,2020-01-01,2100,1
22,2020-01-01,2200,3
23,2020-01-01,2300,6
24,2020-01-02,0,8
25,2020-01-02,100,8
26,2020-01-02,200,8
27,2020-01-02,300,9
28,2020-01-02,400,9
29,2020-01-02,500,9
30,2020-01-02,600,9
31,2020-01-02,700,9
32,2020-01-02,800,9
33,2020-01-02,900,10
34,2020-01-02,1000,10
35,2020-01-02,1100,11
36,2020-01-02,1200,11
37,2020-01-02,1300,11
38,2020-01-02,1400,12
39,2020-01-02,1500,12
40,2020-01-02,1600,11
41,2020-01-02,1700,11
42,2020-01-02,1800,11
43,2020-01-02,1900,10
44,2020-01-02,2000,10
45,2020-01-02,2100,10
46,2020-01-02,2200,10
47,2020-01-02,2300,9
48,2020-01-03,0,9
49,2020-01-03,100,8
50,2020-01-03,200,7
51,2020-01-03,300,6
52,2020-01-03,400,6
53,2020-01-03,500,6
54,2020-01-03,600,6
55,2020-01-03,700,6
56,2020-01-03,800,6
57,2020-01-03,900,6
58,2020-01-03,1000,6
59,2020-01-03,1100,6
60,2020-01-03,1200,7
61,2020-01-03,1300,7
62,2020-01-03,1400,7
63,2020-01-03,1500,7
64,2020-01-03,1600,7
65,2020-01-03,1700,7
66,2020-01-03,1800,7
67,2020-01-03,1900,6
68,2020-01-03,2000,6
69,2020-01-03,2100,6
70,2020-01-03,2200,6
71,2020-01-03,2300,6
72,2020-01-04,0,6
73,2020-01-04,100,6
74,2020-01-04,200,7
75,2020-01-04,300,7
76,2020-01-04,400,7
77,2020-01-04,500,7
78,2020-01-04,600,7
79,2020-01-04,700,7
80,2020-01-04,800,7
81,2020-01-04,900,7
82,2020-01-04,1000,8
83,2020-01-04,1100,8
84,2020-01-04,1200,9
85,2020-01-04,1300,9
86,2020-01-04,1400,9
87,2020-01-04,1500,9
88,2020-01-04,1600,8
89,2020-01-04,1700,8
90,2020-01-04,1800,8
91,2020-01-04,1900,7
92,2020-01-04,2000,7
93,2020-01-04,2100,7
94,2020-01-04,2200,7
95,2020-01-04,2300,8
96,2020-01-05,0,8
97,2020-01-05,100,8
98,2020-01-05,200,8
99,2020-01-05,300,8
100,2020-01-05,400,8
101,2020-01-05,500,8
102,2020-01-05,600,8
103,2020-01-05,700,8
104,2020-01-05,800,8
105,2020-01-05,900,8
106,2020-01-05,1000,9
107,2020-01-05,1100,10
108,2020-01-05,1200,11
109,2020-01-05,1300,11
110,2020-01-05,1400,11
111,2020-01-05,1500,10
112,2020-01-05,1600,10
113,2020-01-05,1700,10
114,2020-01-05,1800,10
115,2020-01-05,1900,9
116,2020-01-05,2000,9
117,2020-01-05,2100,8
118,2020-01-05,2200,8
119,2020-01-05,2300,8
120,2020-01-06,0,8
121,2020-01-06,100,8
122,2020-01-06,200,8
123,2020-01-06,300,8
124,2020-01-06,400,9
125,2020-01-06,500,9
126,2020-01-06,600,9
127,2020-01-06,700,10
128,2020-01-06,800,10
129,2020-01-06,900,10
130,2020-01-06,1000,10
131,2020-01-06,1100,9
132,2020-01-06,1200,9
133,2020-01-06,1300,9
134,2020-01-06,1400,9
135,2020-01-06,1500,9
136,2020-01-06,1600,8
137,2020-01-06,1700,8
138,2020-01-06,1800,7
139,2020-01-06,1900,7
140,2020-01-06,2000,7
141,2020-01-06,2100,6
142,2020-01-06,2200,7
143,2020-01-06,2300,7
144,2020-01-07,0,7
145,2020-01-07,100,7
146,2020-01-07,200,8
147,2020-01-07,300,8
148,2020-01-07,400,9
149,2020-01-07,500,9
150,2020-01-07,600,10
151,2020-01-07,700,10
152,2020-01-07,800,11
153,2020-01-07,900,12
154,2020-01-07,1000,12
155,2020-01-07,1100,13
156,2020-01-07,1200,13
157,2020-01-07,1300,13
158,2020-01-07,1400,13
159,2020-01-07,1500,14
160,2020-01-07,1600,13
161,2020-01-07,1700,13
162,2020-01-07,1800,13
163,2020-01-07,1900,12
164,2020-01-07,2000,11
165,2020-01-07,2100,10
166,2020-01-07,2200,10
167,2020-01-07,2300,9
168,2020-01-08,0,9
169,2020-01-08,100,8
170,2020-01-08,200,8
171,2020-01-08,300,7
172,2020-01-08,400,7
173,2020-01-08,500,7
174,2020-01-08,600,7
175,2020-01-08,700,7
176,2020-01-08,800,7
177,2020-01-08,900,7
178,2020-01-08,1000,7
179,2020-01-08,1100,7
180,2020-01-08,1200,8
181,2020-01-08,1300,8
182,2020-01-08,1400,8
183,2020-01-08,1500,8
184,2020-01-08,1600,7
185,2020-01-08,1700,6
186,2020-01-08,1800,6
187,2020-01-08,1900,5
188,2020-01-08,2000,5
189,2020-01-08,2100,5
190,2020-01-08,2200,6
191,2020-01-08,2300,6
192,2020-01-09,0,6
193,2020-01-09,100,6
194,2020-01-09,200,6
195,2020-01-09,300,6
196,2020-01-09,400,6
197,2020-01-09,500,6
198,2020-01-09,600,5
199,2020-01-09,700,5
200,2020-01-09,800,5
201,2020-01-09,900,5
202,2020-01-09,1000,5
203,2020-01-09,1100,5
204,2020-01-09,1200,5
205,2020-01-09,1300,5
206,2020-01-09,1400,5
207,2020-01-09,1500,6
208,2020-01-09,1600,5
209,2020-01-09,1700,5
210,2020-01-09,1800,5
211,2020-01-09,1900,4
212,2020-01-09,2000,4
213,2020-01-09,2100,4
214,2020-01-09,2200,4
215,2020-01-09,2300,4
216,2020-01-10,0,3
217,2020-01-10,100,4
218,2020-01-10,200,4
219,2020-01-10,300,5
220,2020-01-10,400,4
221,2020-01-10,500,4
222,2020-01-10,600,3
223,2020-01-10,700,3
224,2020-01-10,800,3
225,2020-01-10,900,3
226,2020-01-10,1000,4
227,2020-01-10,1100,5
228,2020-01-10,1200,6
229,2020-01-10,1300,6
230,2020-01-10,1400,7
231,2020-01-10,1500,7
232,2020-01-10,1600,6
233,2020-01-10,1700,4
234,2020-01-10,1800,3
235,2020-01-10,1900,2
236,2020-01-10,2000,0
237,2020-01-10,2100,-1
238,2020-01-10,2200,3
239,2020-01-10,2300,6
240,2020-01-11,0,10
241,2020-01-11,100,10
242,2020-01-11,200,11
243,2020-01-11,300,11
244,2020-01-11,400,11
245,2020-01-11,500,12
246,2020-01-11,600,12
247,2020-01-11,700,12
248,2020-01-11,800,12
249,2020-01-11,900,13
250,2020-01-11,1000,13
251,2020-01-11,1100,13
252,2020-01-11,1200,13
253,2020-01-11,1300,12
254,2020-01-11,1400,10
255,2020-01-11,1500,9
256,2020-01-11,1600,9
257,2020-01-11,1700,9
258,2020-01-11,1800,9
259,2020-01-11,1900,9
260,2020-01-11,2000,9
261,2020-01-11,2100,8
262,2020-01-11,2200,8
263,2020-01-11,2300,7
264,2020-01-12,0,7
265,2020-01-12,100,7
266,2020-01-12,200,7
267,2020-01-12,300,7
268,2020-01-12,400,6
269,2020-01-12,500,6
270,2020-01-12,600,6
271,2020-01-12,700,6
272,2020-01-12,800,7
273,2020-01-12,900,7
274,2020-01-12,1000,7
275,2020-01-12,1100,7
276,2020-01-12,1200,7
277,2020-01-12,1300,7
278,2020-01-12,1400,7
279,2020-01-12,1500,7
280,2020-01-12,1600,6
281,2020-01-12,1700,6
282,2020-01-12,1800,5
283,2020-01-12,1900,5
284,2020-01-12,2000,5
285,2020-01-12,2100,5
286,2020-01-12,2200,5
287,2020-01-12,2300,5
288,2020-01-13,0,5
289,2020-01-13,100,5
290,2020-01-13,200,6
291,2020-01-13,300,6
292,2020-01-13,400,6
293,2020-01-13,500,6
294,2020-01-13,600,7
295,2020-01-13,700,7
296,2020-01-13,800,8
297,2020-01-13,900,8
298,2020-01-13,1000,8
299,2020-01-13,1100,9
300,2020-01-13,1200,9
301,2020-01-13,1300,8
302,2020-01-13,1400,8
303,2020-01-13,1500,7
304,2020-01-13,1600,7
305,2020-01-13,1700,7
306,2020-01-13,1800,6
307,2020-01-13,1900,6
308,2020-01-13,2000,5
309,2020-01-13,2100,5
310,2020-01-13,2200,5
311,2020-01-13,2300,5
312,2020-01-14,0,4
313,2020-01-14,100,5
314,2020-01-14,200,5
315,2020-01-14,300,5
316,2020-01-14,400,5
317,2020-01-14,500,5
318,2020-01-14,600,5
319,2020-01-14,700,6
320,2020-01-14,800,6
321,2020-01-14,900,6
322,2020-01-14,1000,6
323,2020-01-14,1100,6
324,2020-01-14,1200,6
325,2020-01-14,1300,6
326,2020-01-14,1400,6
327,2020-01-14,1500,6
328,2020-01-14,1600,5
329,2020-01-14,1700,5
330,2020-01-14,1800,5
331,2020-01-14,1900,5
332,2020-01-14,2000,5
333,2020-01-14,2100,5
334,2020-01-14,2200,5
335,2020-01-14,2300,5
336,2020-01-15,0,5
337,2020-01-15,100,5
338,2020-01-15,200,5
339,2020-01-15,300,5
340,2020-01-15,400,5
341,2020-01-15,500,5
342,2020-01-15,600,5
343,2020-01-15,700,5
344,2020-01-15,800,5
345,2020-01-15,900,6
346,2020-01-15,1000,6
347,2020-01-15,1100,7
348,2020-01-15,1200,7
349,2020-01-15,1300,7
350,2020-01-15,1400,7
351,2020-01-15,1500,7
352,2020-01-15,1600,7
353,2020-01-15,1700,7
354,2020-01-15,1800,6
355,2020-01-15,1900,6
356,2020-01-15,2000,6
357,2020-01-15,2100,6
358,2020-01-15,2200,6
359,2020-01-15,2300,6
360,2020-01-16,0,6
361,2020-01-16,100,7
362,2020-01-16,200,7
363,2020-01-16,300,7
364,2020-01-16,400,8
365,2020-01-16,500,8
366,2020-01-16,600,8
367,2020-01-16,700,9
368,2020-01-16,800,9
369,2020-01-16,900,9
370,2020-01-16,1000,10
371,2020-01-16,1100,10
372,2020-01-16,1200,11
373,2020-01-16,1300,11
374,2020-01-16,1400,11
375,2020-01-16,1500,11
376,2020-01-16,1600,10
377,2020-01-16,1700,9
378,2020-01-16,1800,8
379,2020-01-16,1900,8
380,2020-01-16,2000,7
381,2020-01-16,2100,7
382,2020-01-16,2200,7
383,2020-01-16,2300,6
384,2020-01-17,0,6
385,2020-01-17,100,6
386,2020-01-17,200,6
387,2020-01-17,300,6
388,2020-01-17,400,5
389,2020-01-17,500,5
390,2020-01-17,600,5
391,2020-01-17,700,5
392,2020-01-17,800,5
393,2020-01-17,900,5
394,2020-01-17,1000,5
395,2020-01-17,1100,6
396,2020-01-17,1200,6
397,2020-01-17,1300,6
398,2020-01-17,1400,5
399,2020-01-17,1500,5
400,2020-01-17,1600,5
401,2020-01-17,1700,5
402,2020-01-17,1800,5
403,2020-01-17,1900,4
404,2020-01-17,2000,4
405,2020-01-17,2100,4
406,2020-01-17,2200,3
407,2020-01-17,2300,3
408,2020-01-18,0,3
409,2020-01-18,100,3
410,2020-01-18,200,3
411,2020-01-18,300,3
412,2020-01-18,400,3
413,2020-01-18,500,3
414,2020-01-18,600,3
415,2020-01-18,700,3
416,2020-01-18,800,3
417,2020-01-18,900,3
418,2020-01-18,1000,4
419,2020-01-18,1100,5
420,2020-01-18,1200,6
421,2020-01-18,1300,6
422,2020-01-18,1400,6
423,2020-01-18,1500,6
424,2020-01-18,1600,5
425,2020-01-18,1700,4
426,2020-01-18,1800,4
427,2020-01-18,1900,3
428,2020-01-18,2000,3
429,2020-01-18,2100,3
430,2020-01-18,2200,3
431,2020-01-18,2300,3
432,2020-01-19,0,3
433,2020-01-19,100,3
434,2020-01-19,200,3
435,2020-01-19,300,3
436,2020-01-19,400,3
437,2020-01-19,500,3
438,2020-01-19,600,3
439,2020-01-19,700,3
440,2020-01-19,800,3
441,2020-01-19,900,3
442,2020-01-19,1000,4
443,2020-01-19,1100,6
444,2020-01-19,1200,7
445,2020-01-19,1300,7
446,2020-01-19,1400,7
447,2020-01-19,1500,7
448,2020-01-19,1600,6
449,2020-01-19,1700,5
450,2020-01-19,1800,4
451,2020-01-19,1900,4
452,2020-01-19,2000,4
453,2020-01-19,2100,4
454,2020-01-19,2200,3
455,2020-01-19,2300,3
456,2020-01-20,0,3
457,2020-01-20,100,3
458,2020-01-20,200,3
459,2020-01-20,300,3
460,2020-01-20,400,3
461,2020-01-20,500,3
462,2020-01-20,600,3
463,2020-01-20,700,3
464,2020-01-20,800,4
465,2020-01-20,900,4
466,2020-01-20,1000,5
467,2020-01-20,1100,6
468,2020-01-20,1200,8
469,2020-01-20,1300,8
470,2020-01-20,1400,9
471,2020-01-20,1500,9
472,2020-01-20,1600,8
473,2020-01-20,1700,6
474,2020-01-20,1800,4
475,2020-01-20,1900,4
476,2020-01-20,2000,4
477,2020-01-20,2100,4
478,2020-01-20,2200,4
479,2020-01-20,2300,4
480,2020-01-21,0,4
481,2020-01-21,100,5
482,2020-01-21,200,5
483,2020-01-21,300,5
484,2020-01-21,400,5
485,2020-01-21,500,5
486,2020-01-21,600,5
487,2020-01-21,700,5
488,2020-01-21,800,5
489,2020-01-21,900,6
490,2020-01-21,1000,6
491,2020-01-21,1100,7
492,2020-01-21,1200,8
493,2020-01-21,1300,8
494,2020-01-21,1400,8
495,2020-01-21,1500,8
496,2020-01-21,1600,8
497,2020-01-21,1700,7
498,2020-01-21,1800,7
499,2020-01-21,1900,5
500,2020-01-21,2000,4
501,2020-01-21,2100,3
502,2020-01-21,2200,4
503,2020-01-21,2300,6
504,2020-01-22,0,7
505,2020-01-22,100,7
506,2020-01-22,200,7
507,2020-01-22,300,7
508,2020-01-22,400,7
509,2020-01-22,500,7
510,2020-01-22,600,7
511,2020-01-22,700,7
512,2020-01-22,800,7
513,2020-01-22,900,7
514,2020-01-22,1000,7
515,2020-01-22,1100,8
516,2020-01-22,1200,9
517,2020-01-22,1300,9
518,2020-01-22,1400,9
519,2020-01-22,1500,9
520,2020-01-22,1600,9
521,2020-01-22,1700,8
522,2020-01-22,1800,8
523,2020-01-22,1900,8
524,2020-01-22,2000,7
525,2020-01-22,2100,7
526,2020-01-22,2200,7
527,2020-01-22,2300,7
528,2020-01-23,0,7
529,2020-01-23,100,7
530,2020-01-23,200,7
531,2020-01-23,300,7
532,2020-01-23,400,7
533,2020-01-23,500,7
534,2020-01-23,600,7
535,2020-01-23,700,7
536,2020-01-23,800,8
537,2020-01-23,900,8
538,2020-01-23,1000,8
539,2020-01-23,1100,9
540,2020-01-23,1200,9
541,2020-01-23,1300,9
542,2020-01-23,1400,9
543,2020-01-23,1500,9
544,2020-01-23,1600,9
545,2020-01-23,1700,8
546,2020-01-23,1800,7
547,2020-01-23,1900,7
548,2020-01-23,2000,7
549,2020-01-23,2100,7
550,2020-01-23,2200,7
551,2020-01-23,2300,7
552,2020-01-24,0,7
553,2020-01-24,100,7
554,2020-01-24,200,6
555,2020-01-24,300,6
556,2020-01-24,400,6
557,2020-01-24,500,6
558,2020-01-24,600,6
559,2020-01-24,700,6
560,2020-01-24,800,6
561,2020-01-24,900,6
562,2020-01-24,1000,7
563,2020-01-24,1100,8
564,2020-01-24,1200,9
565,2020-01-24,1300,9
566,2020-01-24,1400,9
567,2020-01-24,1500,9
568,2020-01-24,1600,9
569,2020-01-24,1700,8
570,2020-01-24,1800,8
571,2020-01-24,1900,8
572,2020-01-24,2000,7
573,2020-01-24,2100,7
574,2020-01-24,2200,7
575,2020-01-24,2300,7
576,2020-01-25,0,7
577,2020-01-25,100,7
578,2020-01-25,200,6
579,2020-01-25,300,6
580,2020-01-25,400,6
581,2020-01-25,500,6
582,2020-01-25,600,6
583,2020-01-25,700,7
584,2020-01-25,800,7
585,2020-01-25,900,7
586,2020-01-25,1000,7
587,2020-01-25,1100,8
588,2020-01-25,1200,9
589,2020-01-25,1300,9
590,2020-01-25,1400,9
591,2020-01-25,1500,9
592,2020-01-25,1600,8
593,2020-01-25,1700,7
594,2020-01-25,1800,6
595,2020-01-25,1900,5
596,2020-01-25,2000,4
597,2020-01-25,2100,3
598,2020-01-25,2200,4
599,2020-01-25,2300,6
600,2020-01-26,0,7
601,2020-01-26,100,8
602,2020-01-26,200,8
603,2020-01-26,300,8
604,2020-01-26,400,9
605,2020-01-26,500,9
606,2020-01-26,600,9
607,2020-01-26,700,8
608,2020-01-26,800,8
609,2020-01-26,900,7
610,2020-01-26,1000,7
611,2020-01-26,1100,7
612,2020-01-26,1200,6
613,2020-01-26,1300,6
614,2020-01-26,1400,6
615,2020-01-26,1500,6
616,2020-01-26,1600,5
617,2020-01-26,1700,4
618,2020-01-26,1800,4
619,2020-01-26,1900,3
620,2020-01-26,2000,2
621,2020-01-26,2100,1
622,2020-01-26,2200,2
623,2020-01-26,2300,4
624,2020-01-27,0,6
625,2020-01-27,100,6
626,2020-01-27,200,5
627,2020-01-27,300,5
628,2020-01-27,400,5
629,2020-01-27,500,4
630,2020-01-27,600,4
631,2020-01-27,700,3
632,2020-01-27,800,3
633,2020-01-27,900,3
634,2020-01-27,1000,4
635,2020-01-27,1100,5
636,2020-01-27,1200,6
637,2020-01-27,1300,6
638,2020-01-27,1400,6
639,2020-01-27,1500,6
640,2020-01-27,1600,6
641,2020-01-27,1700,5
642,2020-01-27,1800,4
643,2020-01-27,1900,4
644,2020-01-27,2000,3
645,2020-01-27,2100,2
646,2020-01-27,2200,2
647,2020-01-27,2300,2
648,2020-01-28,0,2
649,2020-01-28,100,2
650,2020-01-28,200,2
651,2020-01-28,300,3
652,2020-01-28,400,3
653,2020-01-28,500,3
654,2020-01-28,600,4
655,2020-01-28,700,4
656,2020-01-28,800,4
657,2020-01-28,900,4
658,2020-01-28,1000,4
659,2020-01-28,1100,3
660,2020-01-28,1200,3
661,2020-01-28,1300,4
662,2020-01-28,1400,5
663,2020-01-28,1500,6
664,2020-01-28,1600,5
665,2020-01-28,1700,5
666,2020-01-28,1800,4
667,2020-01-28,1900,4
668,2020-01-28,2000,3
669,2020-01-28,2100,3
670,2020-01-28,2200,3
671,2020-01-28,2300,3
672,2020-01-29,0,3
673,2020-01-29,100,3
674,2020-01-29,200,3
675,2020-01-29,300,4
676,2020-01-29,400,4
677,2020-01-29,500,4
678,2020-01-29,600,4
679,2020-01-29,700,4
680,2020-01-29,800,5
681,2020-01-29,900,5
682,2020-01-29,1000,6
683,2020-01-29,1100,7
684,2020-01-29,1200,8
685,2020-01-29,1300,8
686,2020-01-29,1400,8
687,2020-01-29,1500,9
688,2020-01-29,1600,8
689,2020-01-29,1700,8
690,2020-01-29,1800,8
691,2020-01-29,1900,8
692,2020-01-29,2000,8
693,2020-01-29,2100,7
694,2020-01-29,2200,7
695,2020-01-29,2300,7
696,2020-01-30,0,7
697,2020-01-30,100,7
698,2020-01-30,200,6
699,2020-01-30,300,6
700,2020-01-30,400,7
701,2020-01-30,500,8
702,2020-01-30,600,9
703,2020-01-30,700,9
704,2020-01-30,800,9
705,2020-01-30,900,10
706,2020-01-30,1000,10
707,2020-01-30,1100,11
708,2020-01-30,1200,12
709,2020-01-30,1300,12
710,2020-01-30,1400,11
711,2020-01-30,1500,11
712,2020-01-30,1600,10
713,2020-01-30,1700,9
714,2020-01-30,1800,8
715,2020-01-30,1900,8
716,2020-01-30,2000,8
717,2020-01-30,2100,8
718,2020-01-30,2200,8
719,2020-01-30,2300,8
720,2020-01-31,0,9
721,2020-01-31,100,9
722,2020-01-31,200,10
723,2020-01-31,300,10
724,2020-01-31,400,11
725,2020-01-31,500,11
726,2020-01-31,600,11
727,2020-01-31,700,11
728,2020-01-31,800,11
729,2020-01-31,900,12
730,2020-01-31,1000,12
731,2020-01-31,1100,12
732,2020-01-31,1200,13
733,2020-01-31,1300,13
734,2020-01-31,1400,12
735,2020-01-31,1500,12
736,2020-01-31,1600,12
737,2020-01-31,1700,11
738,2020-01-31,1800,11
739,2020-01-31,1900,10
740,2020-01-31,2000,10
741,2020-01-31,2100,10
742,2020-01-31,2200,9
743,2020-01-31,2300,9
744,2020-02-01,0,8
745,2020-02-01,100,8
746,2020-02-01,200,8
747,2020-02-01,300,8
748,2020-02-01,400,8
749,2020-02-01,500,8
750,2020-02-01,600,8
751,2020-02-01,700,8
752,2020-02-01,800,8
753,2020-02-01,900,8
754,2020-02-01,1000,8
755,2020-02-01,1100,8
756,2020-02-01,1200,9
757,2020-02-01,1300,9
758,2020-02-01,1400,10
759,2020-02-01,1500,10
760,2020-02-01,1600,9
761,2020-02-01,1700,9
762,2020-02-01,1800,8
763,2020-02-01,1900,7
764,2020-02-01,2000,7
765,2020-02-01,2100,6
766,2020-02-01,2200,6
767,2020-02-01,2300,6
768,2020-02-02,0,6
769,2020-02-02,100,6
770,2020-02-02,200,6
771,2020-02-02,300,6
772,2020-02-02,400,6
773,2020-02-02,500,7
774,2020-02-02,600,7
775,2020-02-02,700,8
776,2020-02-02,800,9
777,2020-02-02,900,9
778,2020-02-02,1000,10
779,2020-02-02,1100,10
780,2020-02-02,1200,10
781,2020-02-02,1300,10
782,2020-02-02,1400,10
783,2020-02-02,1500,10
784,2020-02-02,1600,9
785,2020-02-02,1700,9
786,2020-02-02,1800,8
787,2020-02-02,1900,7
788,2020-02-02,2000,5
789,2020-02-02,2100,4
790,2020-02-02,2200,5
791,2020-02-02,2300,6
792,2020-02-03,0,7
793,2020-02-03,100,7
794,2020-02-03,200,7
795,2020-02-03,300,7
796,2020-02-03,400,7
797,2020-02-03,500,6
798,2020-02-03,600,6
799,2020-02-03,700,6
800,2020-02-03,800,6
801,2020-02-03,900,6
802,2020-02-03,1000,6
803,2020-02-03,1100,6
804,2020-02-03,1200,7
805,2020-02-03,1300,7
806,2020-02-03,1400,7
807,2020-02-03,1500,7
808,2020-02-03,1600,7
809,2020-02-03,1700,6
810,2020-02-03,1800,5
811,2020-02-03,1900,5
812,2020-02-03,2000,5
813,2020-02-03,2100,5
814,2020-02-03,2200,5
815,2020-02-03,2300,5
816,2020-02-04,0,5
817,2020-02-04,100,5
818,2020-02-04,200,5
819,2020-02-04,300,5
820,2020-02-04,400,5
821,2020-02-04,500,5
822,2020-02-04,600,5
823,2020-02-04,700,5
824,2020-02-04,800,5
825,2020-02-04,900,5
826,2020-02-04,1000,6
827,2020-02-04,1100,7
828,2020-02-04,1200,8
829,2020-02-04,1300,8
830,2020-02-04,1400,8
831,2020-02-04,1500,8
832,2020-02-04,1600,7
833,2020-02-04,1700,6
834,2020-02-04,1800,5
835,2020-02-04,1900,5
836,2020-02-04,2000,4
837,2020-02-04,2100,4
838,2020-02-04,2200,4
839,2020-02-04,2300,3
840,2020-02-05,0,3
841,2020-02-05,100,3
842,2020-02-05,200,3
843,2020-02-05,300,3
844,2020-02-05,400,3
845,2020-02-05,500,4
846,2020-02-05,600,4
847,2020-02-05,700,4
848,2020-02-05,800,4
849,2020-02-05,900,5
850,2020-02-05,1000,6
851,2020-02-05,1100,7
852,2020-02-05,1200,8
853,2020-02-05,1300,8
854,2020-02-05,1400,8
855,2020-02-05,1500,8
856,2020-02-05,1600,8
857,2020-02-05,1700,7
858,2020-02-05,1800,6
859,2020-02-05,1900,5
860,2020-02-05,2000,5
861,2020-02-05,2100,5
862,2020-02-05,2200,4
863,2020-02-05,2300,4
864,2020-02-06,0,4
865,2020-02-06,100,4
866,2020-02-06,200,4
867,2020-02-06,300,4
868,2020-02-06,400,4
869,2020-02-06,500,4
870,2020-02-06,600,4
871,2020-02-06,700,4
872,2020-02-06,800,4
873,2020-02-06,900,4
874,2020-02-06,1000,5
875,2020-02-06,1100,6
876,2020-02-06,1200,8
877,2020-02-06,1300,8
878,2020-02-06,1400,8
879,2020-02-06,1500,8
880,2020-02-06,1600,7
881,2020-02-06,1700,6
882,2020-02-06,1800,5
883,2020-02-06,1900,4
884,2020-02-06,2000,2
885,2020-02-06,2100,1
886,2020-02-06,2200,3
887,2020-02-06,2300,4
888,2020-02-07,0,6
889,2020-02-07,100,6
890,2020-02-07,200,6
891,2020-02-07,300,6
892,2020-02-07,400,6
893,2020-02-07,500,6
894,2020-02-07,600,6
895,2020-02-07,700,6
896,2020-02-07,800,7
897,2020-02-07,900,7
898,2020-02-07,1000,7
899,2020-02-07,1100,8
900,2020-02-07,1200,8
901,2020-02-07,1300,8
902,2020-02-07,1400,9
903,2020-02-07,1500,9
904,2020-02-07,1600,9
905,2020-02-07,1700,9
906,2020-02-07,1800,9
907,2020-02-07,1900,8
908,2020-02-07,2000,7
909,2020-02-07,2100,7
910,2020-02-07,2200,6
911,2020-02-07,2300,5
912,2020-02-08,0,5
913,2020-02-08,100,5
914,2020-02-08,200,5
915,2020-02-08,300,5
916,2020-02-08,400,5
917,2020-02-08,500,5
918,2020-02-08,600,5
919,2020-02-08,700,5
920,2020-02-08,800,6
921,2020-02-08,900,6
922,2020-02-08,1000,7
923,2020-02-08,1100,8
924,2020-02-08,1200,8
925,2020-02-08,1300,8
926,2020-02-08,1400,8
927,2020-02-08,1500,9
928,2020-02-08,1600,7
929,2020-02-08,1700,6
930,2020-02-08,1800,5
931,2020-02-08,1900,4
932,2020-02-08,2000,3
933,2020-02-08,2100,2
934,2020-02-08,2200,4
935,2020-02-08,2300,7
936,2020-02-09,0,10
937,2020-02-09,100,11
938,2020-02-09,200,12
939,2020-02-09,300,12
940,2020-02-09,400,12
941,2020-02-09,500,12
942,2020-02-09,600,12
943,2020-02-09,700,12
944,2020-02-09,800,12
945,2020-02-09,900,13
946,2020-02-09,1000,12
947,2020-02-09,1100,11
948,2020-02-09,1200,10
949,2020-02-09,1300,10
950,2020-02-09,1400,9
951,2020-02-09,1500,8
952,2020-02-09,1600,8
953,2020-02-09,1700,8
954,2020-02-09,1800,8
955,2020-02-09,1900,7
956,2020-02-09,2000,7
957,2020-02-09,2100,7
958,2020-02-09,2200,6
959,2020-02-09,2300,5
960,2020-02-10,0,5
961,2020-02-10,100,5
962,2020-02-10,200,5
963,2020-02-10,300,5
964,2020-02-10,400,5
965,2020-02-10,500,5
966,2020-02-10,600,5
967,2020-02-10,700,5
968,2020-02-10,800,5
969,2020-02-10,900,5
970,2020-02-10,1000,5
971,2020-02-10,1100,4
972,2020-02-10,1200,3
973,2020-02-10,1300,3
974,2020-02-10,1400,3
975,2020-02-10,1500,4
976,2020-02-10,1600,3
977,2020-02-10,1700,3
978,2020-02-10,1800,3
979,2020-02-10,1900,3
980,2020-02-10,2000,3
981,2020-02-10,2100,3
982,2020-02-10,2200,3
983,2020-02-10,2300,3
984,2020-02-11,0,3
985,2020-02-11,100,4
986,2020-02-11,200,4
987,2020-02-11,300,4
988,2020-02-11,400,4
989,2020-02-11,500,3
990,2020-02-11,600,3
991,2020-02-11,700,3
992,2020-02-11,800,3
993,2020-02-11,900,3
994,2020-02-11,1000,3
995,2020-02-11,1100,4
996,2020-02-11,1200,4
997,2020-02-11,1300,4
998,2020-02-11,1400,4
999,2020-02-11,1500,4
1000,2020-02-11,1600,4
1001,2020-02-11,1700,4
1002,2020-02-11,1800,3
1003,2020-02-11,1900,3
1004,2020-02-11,2000,3
1005,2020-02-11,2100,3
1006,2020-02-11,2200,3
1007,2020-02-11,2300,2
1008,2020-02-12,0,2
1009,2020-02-12,100,3
1010,2020-02-12,200,3
1011,2020-02-12,300,3
1012,2020-02-12,400,3
1013,2020-02-12,500,3
1014,2020-02-12,600,4
1015,2020-02-12,700,3
1016,2020-02-12,800,3
1017,2020-02-12,900,3
1018,2020-02-12,1000,4
1019,2020-02-12,1100,5
1020,2020-02-12,1200,6
1021,2020-02-12,1300,6
1022,2020-02-12,1400,6
1023,2020-02-12,1500,6
1024,2020-02-12,1600,6
1025,2020-02-12,1700,5
1026,2020-02-12,1800,5
1027,2020-02-12,1900,3
1028,2020-02-12,2000,2
1029,2020-02-12,2100,1
1030,2020-02-12,2200,2
1031,2020-02-12,2300,4
1032,2020-02-13,0,6
1033,2020-02-13,100,6
1034,2020-02-13,200,6
1035,2020-02-13,300,6
1036,2020-02-13,400,6
1037,2020-02-13,500,5
1038,2020-02-13,600,5
1039,2020-02-13,700,4
1040,2020-02-13,800,4
1041,2020-02-13,900,4
1042,2020-02-13,1000,5
1043,2020-02-13,1100,6
1044,2020-02-13,1200,7
1045,2020-02-13,1300,7
1046,2020-02-13,1400,7
1047,2020-02-13,1500,7
1048,2020-02-13,1600,6
1049,2020-02-13,1700,6
1050,2020-02-13,1800,6
1051,2020-02-13,1900,5
1052,2020-02-13,2000,5
1053,2020-02-13,2100,4
1054,2020-02-13,2200,4
1055,2020-02-13,2300,4
1056,2020-02-14,0,4
1057,2020-02-14,100,4
1058,2020-02-14,200,4
1059,2020-02-14,300,5
1060,2020-02-14,400,5
1061,2020-02-14,500,6
1062,2020-02-14,600,7
1063,2020-02-14,700,8
1064,2020-02-14,800,9
1065,2020-02-14,900,10
1066,2020-02-14,1000,9
1067,2020-02-14,1100,9
1068,2020-02-14,1200,9
1069,2020-02-14,1300,9
1070,2020-02-14,1400,9
1071,2020-02-14,1500,9
1072,2020-02-14,1600,9
1073,2020-02-14,1700,8
1074,2020-02-14,1800,7
1075,2020-02-14,1900,6
1076,2020-02-14,2000,6
1077,2020-02-14,2100,6
1078,2020-02-14,2200,6
1079,2020-02-14,2300,6
1080,2020-02-15,0,6
1081,2020-02-15,100,6
1082,2020-02-15,200,6
1083,2020-02-15,300,7
1084,2020-02-15,400,7
1085,2020-02-15,500,7
1086,2020-02-15,600,8
1087,2020-02-15,700,8
1088,2020-02-15,800,9
1089,2020-02-15,900,10
1090,2020-02-15,1000,10
1091,2020-02-15,1100,10
1092,2020-02-15,1200,10
1093,2020-02-15,1300,10
1094,2020-02-15,1400,11
1095,2020-02-15,1500,11
1096,2020-02-15,1600,10
1097,2020-02-15,1700,9
1098,2020-02-15,1800,8
1099,2020-02-15,1900,8
1100,2020-02-15,2000,8
1101,2020-02-15,2100,7
1102,2020-02-15,2200,7
1103,2020-02-15,2300,8
1104,2020-02-16,0,8
1105,2020-02-16,100,8
1106,2020-02-16,200,8
1107,2020-02-16,300,8
1108,2020-02-16,400,7
1109,2020-02-16,500,7
1110,2020-02-16,600,6
1111,2020-02-16,700,6
1112,2020-02-16,800,6
1113,2020-02-16,900,6
1114,2020-02-16,1000,6
1115,2020-02-16,1100,6
1116,2020-02-16,1200,7
1117,2020-02-16,1300,7
1118,2020-02-16,1400,7
1119,2020-02-16,1500,7
1120,2020-02-16,1600,6
1121,2020-02-16,1700,5
1122,2020-02-16,1800,5
1123,2020-02-16,1900,5
1124,2020-02-16,2000,5
1125,2020-02-16,2100,5
1126,2020-02-16,2200,5
1127,2020-02-16,2300,5
1128,2020-02-17,0,5
1129,2020-02-17,100,5
1130,2020-02-17,200,5
1131,2020-02-17,300,6
1132,2020-02-17,400,6
1133,2020-02-17,500,6
1134,2020-02-17,600,6
1135,2020-02-17,700,6
1136,2020-02-17,800,6
1137,2020-02-17,900,6
1138,2020-02-17,1000,6
1139,2020-02-17,1100,6
1140,2020-02-17,1200,7
1141,2020-02-17,1300,6
1142,2020-02-17,1400,6
1143,2020-02-17,1500,6
1144,2020-02-17,1600,5
1145,2020-02-17,1700,5
1146,2020-02-17,1800,4
1147,2020-02-17,1900,4
1148,2020-02-17,2000,4
1149,2020-02-17,2100,4
1150,2020-02-17,2200,4
1151,2020-02-17,2300,4
1152,2020-02-18,0,4
1153,2020-02-18,100,4
1154,2020-02-18,200,4
1155,2020-02-18,300,5
1156,2020-02-18,400,5
1157,2020-02-18,500,5
1158,2020-02-18,600,5
1159,2020-02-18,700,6
1160,2020-02-18,800,6
1161,2020-02-18,900,6
1162,2020-02-18,1000,6
1163,2020-02-18,1100,6
1164,2020-02-18,1200,6
1165,2020-02-18,1300,6
1166,2020-02-18,1400,7
1167,2020-02-18,1500,7
1168,2020-02-18,1600,6
1169,2020-02-18,1700,5
1170,2020-02-18,1800,4
1171,2020-02-18,1900,4
1172,2020-02-18,2000,4
1173,2020-02-18,2100,3
1174,2020-02-18,2200,3
1175,2020-02-18,2300,3
1176,2020-02-19,0,3
1177,2020-02-19,100,3
1178,2020-02-19,200,4
1179,2020-02-19,300,4
1180,2020-02-19,400,4
1181,2020-02-19,500,4
1182,2020-02-19,600,4
1183,2020-02-19,700,5
1184,2020-02-19,800,5
1185,2020-02-19,900,6
1186,2020-02-19,1000,6
1187,2020-02-19,1100,7
1188,2020-02-19,1200,8
1189,2020-02-19,1300,8
1190,2020-02-19,1400,9
1191,2020-02-19,1500,10
1192,2020-02-19,1600,8
1193,2020-02-19,1700,7
1194,2020-02-19,1800,6
1195,2020-02-19,1900,4
1196,2020-02-19,2000,3
1197,2020-02-19,2100,2
1198,2020-02-19,2200,4
1199,2020-02-19,2300,7
1200,2020-02-20,0,10
1201,2020-02-20,100,10
1202,2020-02-20,200,10
1203,2020-02-20,300,10
1204,2020-02-20,400,9
1205,2020-02-20,500,8
1206,2020-02-20,600,7
1207,2020-02-20,700,6
1208,2020-02-20,800,5
1209,2020-02-20,900,5
1210,2020-02-20,1000,5
1211,2020-02-20,1100,5
1212,2020-02-20,1200,5
1213,2020-02-20,1300,5
1214,2020-02-20,1400,5
1215,2020-02-20,1500,6
1216,2020-02-20,1600,5
1217,2020-02-20,1700,5
1218,2020-02-20,1800,4
1219,2020-02-20,1900,4
1220,2020-02-20,2000,4
1221,2020-02-20,2100,4
1222,2020-02-20,2200,4
1223,2020-02-20,2300,4
1224,2020-02-21,0,4
1225,2020-02-21,100,5
1226,2020-02-21,200,6
1227,2020-02-21,300,6
1228,2020-02-21,400,7
1229,2020-02-21,500,7
1230,2020-02-21,600,8
1231,2020-02-21,700,8
1232,2020-02-21,800,8
1233,2020-02-21,900,9
1234,2020-02-21,1000,9
1235,2020-02-21,1100,9
1236,2020-02-21,1200,10
1237,2020-02-21,1300,10
1238,2020-02-21,1400,10
1239,2020-02-21,1500,10
1240,2020-02-21,1600,9
1241,2020-02-21,1700,8
1242,2020-02-21,1800,7
1243,2020-02-21,1900,6
1244,2020-02-21,2000,5
1245,2020-02-21,2100,4
1246,2020-02-21,2200,6
1247,2020-02-21,2300,9
1248,2020-02-22,0,11
1249,2020-02-22,100,10
1250,2020-02-22,200,10
1251,2020-02-22,300,9
1252,2020-02-22,400,8
1253,2020-02-22,500,7
1254,2020-02-22,600,5
1255,2020-02-22,700,5
1256,2020-02-22,800,6
1257,2020-02-22,900,6
1258,2020-02-22,1000,6
1259,2020-02-22,1100,6
1260,2020-02-22,1200,7
1261,2020-02-22,1300,7
1262,2020-02-22,1400,7
1263,2020-02-22,1500,7
1264,2020-02-22,1600,7
1265,2020-02-22,1700,6
1266,2020-02-22,1800,6
1267,2020-02-22,1900,5
1268,2020-02-22,2000,3
1269,2020-02-22,2100,2
1270,2020-02-22,2200,3
1271,2020-02-22,2300,5
1272,2020-02-23,0,6
1273,2020-02-23,100,6
1274,2020-02-23,200,7
1275,2020-02-23,300,7
1276,2020-02-23,400,7
1277,2020-02-23,500,7
1278,2020-02-23,600,8
1279,2020-02-23,700,7
1280,2020-02-23,800,7
1281,2020-02-23,900,6
1282,2020-02-23,1000,6
1283,2020-02-23,1100,6
1284,2020-02-23,1200,5
1285,2020-02-23,1300,6
1286,2020-02-23,1400,6
1287,2020-02-23,1500,7
1288,2020-02-23,1600,6
1289,2020-02-23,1700,6
1290,2020-02-23,1800,6
1291,2020-02-23,1900,5
1292,2020-02-23,2000,5
1293,2020-02-23,2100,5
1294,2020-02-23,2200,5
1295,2020-02-23,2300,4
1296,2020-02-24,0,4
1297,2020-02-24,100,5
1298,2020-02-24,200,6
1299,2020-02-24,300,8
1300,2020-02-24,400,9
1301,2020-02-24,500,10
1302,2020-02-24,600,11
1303,2020-02-24,700,11
1304,2020-02-24,800,11
1305,2020-02-24,900,11
1306,2020-02-24,1000,10
1307,2020-02-24,1100,9
1308,2020-02-24,1200,8
1309,2020-02-24,1300,8
1310,2020-02-24,1400,8
1311,2020-02-24,1500,7
1312,2020-02-24,1600,7
1313,2020-02-24,1700,6
1314,2020-02-24,1800,6
1315,2020-02-24,1900,6
1316,2020-02-24,2000,5
1317,2020-02-24,2100,5
1318,2020-02-24,2200,5
1319,2020-02-24,2300,5
1320,2020-02-25,0,4
1321,2020-02-25,100,4
1322,2020-02-25,200,4
1323,2020-02-25,300,3
1324,2020-02-25,400,3
1325,2020-02-25,500,3
1326,2020-02-25,600,3
1327,2020-02-25,700,3
1328,2020-02-25,800,4
1329,2020-02-25,900,4
1330,2020-02-25,1000,4
1331,2020-02-25,1100,5
1332,2020-02-25,1200,5
1333,2020-02-25,1300,5
1334,2020-02-25,1400,5
1335,2020-02-25,1500,5
1336,2020-02-25,1600,4
1337,2020-02-25,1700,3
1338,2020-02-25,1800,3
1339,2020-02-25,1900,2
1340,2020-02-25,2000,2
1341,2020-02-25,2100,2
1342,2020-02-25,2200,2
1343,2020-02-25,2300,3
1344,2020-02-26,0,3
1345,2020-02-26,100,3
1346,2020-02-26,200,3
1347,2020-02-26,300,3
1348,2020-02-26,400,3
1349,2020-02-26,500,3
1350,2020-02-26,600,3
1351,2020-02-26,700,3
1352,2020-02-26,800,3
1353,2020-02-26,900,3
1354,2020-02-26,1000,4
1355,2020-02-26,1100,4
1356,2020-02-26,1200,5
1357,2020-02-26,1300,5
1358,2020-02-26,1400,5
1359,2020-02-26,1500,5
1360,2020-02-26,1600,5
1361,2020-02-26,1700,4
1362,2020-02-26,1800,4
1363,2020-02-26,1900,4
1364,2020-02-26,2000,3
1365,2020-02-26,2100,3
1366,2020-02-26,2200,3
1367,2020-02-26,2300,3
1368,2020-02-27,0,3
1369,2020-02-27,100,3
1370,2020-02-27,200,3
1371,2020-02-27,300,3
1372,2020-02-27,400,3
1373,2020-02-27,500,3
1374,2020-02-27,600,3
1375,2020-02-27,700,3
1376,2020-02-27,800,3
1377,2020-02-27,900,3
1378,2020-02-27,1000,4
1379,2020-02-27,1100,5
1380,2020-02-27,1200,6
1381,2020-02-27,1300,6
1382,2020-02-27,1400,7
1383,2020-02-27,1500,7
1384,2020-02-27,1600,6
1385,2020-02-27,1700,5
1386,2020-02-27,1800,5
1387,2020-02-27,1900,4
1388,2020-02-27,2000,4
1389,2020-02-27,2100,4
1390,2020-02-27,2200,4
1391,2020-02-27,2300,4
1392,2020-02-28,0,4
1393,2020-02-28,100,4
1394,2020-02-28,200,5
1395,2020-02-28,300,5
1396,2020-02-28,400,5
1397,2020-02-28,500,5
1398,2020-02-28,600,6
1399,2020-02-28,700,6
1400,2020-02-28,800,7
1401,2020-02-28,900,8
1402,2020-02-28,1000,9
1403,2020-02-28,1100,10
1404,2020-02-28,1200,12
1405,2020-02-28,1300,12
1406,2020-02-28,1400,12
1407,2020-02-28,1500,12
1408,2020-02-28,1600,11
1409,2020-02-28,1700,10
1410,2020-02-28,1800,10
1411,2020-02-28,1900,10
1412,2020-02-28,2000,9
1413,2020-02-28,2100,9
1414,2020-02-28,2200,9
1415,2020-02-28,2300,9
1416,2020-02-29,0,9
1417,2020-02-29,100,8
1418,2020-02-29,200,7
1419,2020-02-29,300,6
1420,2020-02-29,400,5
1421,2020-02-29,500,4
1422,2020-02-29,600,4
1423,2020-02-29,700,3
1424,2020-02-29,800,3
1425,2020-02-29,900,3
1426,2020-02-29,1000,4
1427,2020-02-29,1100,4
1428,2020-02-29,1200,5
1429,2020-02-29,1300,5
1430,2020-02-29,1400,5
1431,2020-02-29,1500,4
1432,2020-02-29,1600,3
1433,2020-02-29,1700,2
1434,2020-02-29,1800,0
1435,2020-02-29,1900,0
1436,2020-02-29,2000,-1
1437,2020-02-29,2100,-2
1438,2020-02-29,2200,0
1439,2020-02-29,2300,2
1440,2020-03-01,0,4
1441,2020-03-01,100,4
1442,2020-03-01,200,4
1443,2020-03-01,300,5
1444,2020-03-01,400,4
1445,2020-03-01,500,4
1446,2020-03-01,600,4
1447,2020-03-01,700,4
1448,2020-03-01,800,4
1449,2020-03-01,900,4
1450,2020-03-01,1000,5
1451,2020-03-01,1100,5
1452,2020-03-01,1200,6
1453,2020-03-01,1300,6
1454,2020-03-01,1400,6
1455,2020-03-01,1500,6
1456,2020-03-01,1600,6
1457,2020-03-01,1700,5
1458,2020-03-01,1800,4
1459,2020-03-01,1900,4
1460,2020-03-01,2000,3
1461,2020-03-01,2100,3
1462,2020-03-01,2200,3
1463,2020-03-01,2300,2
1464,2020-03-02,0,2
1465,2020-03-02,100,2
1466,2020-03-02,200,2
1467,2020-03-02,300,2
1468,2020-03-02,400,2
1469,2020-03-02,500,2
1470,2020-03-02,600,2
1471,2020-03-02,700,2
1472,2020-03-02,800,3
1473,2020-03-02,900,4
1474,2020-03-02,1000,4
1475,2020-03-02,1100,5
1476,2020-03-02,1200,6
1477,2020-03-02,1300,6
1478,2020-03-02,1400,6
1479,2020-03-02,1500,6
1480,2020-03-02,1600,6
1481,2020-03-02,1700,5
1482,2020-03-02,1800,5
1483,2020-03-02,1900,4
1484,2020-03-02,2000,4
1485,2020-03-02,2100,3
1486,2020-03-02,2200,3
1487,2020-03-02,2300,4
1488,2020-03-03,0,4
1489,2020-03-03,100,4
1490,2020-03-03,200,4
1491,2020-03-03,300,4
1492,2020-03-03,400,4
1493,2020-03-03,500,4
1494,2020-03-03,600,4
1495,2020-03-03,700,4
1496,2020-03-03,800,4
1497,2020-03-03,900,5
1498,2020-03-03,1000,5
1499,2020-03-03,1100,6
1500,2020-03-03,1200,7
1501,2020-03-03,1300,7
1502,2020-03-03,1400,7
1503,2020-03-03,1500,8
1504,2020-03-03,1600,7
1505,2020-03-03,1700,6
1506,2020-03-03,1800,5
1507,2020-03-03,1900,5
1508,2020-03-03,2000,4
1509,2020-03-03,2100,3
1510,2020-03-03,2200,3
1511,2020-03-03,2300,3
1512,2020-03-04,0,3
1513,2020-03-04,100,3
1514,2020-03-04,200,3
1515,2020-03-04,300,4
1516,2020-03-04,400,3
1517,2020-03-04,500,3
1518,2020-03-04,600,3
1519,2020-03-04,700,4
1520,2020-03-04,800,4
1521,2020-03-04,900,5
1522,2020-03-04,1000,5
1523,2020-03-04,1100,5
1524,2020-03-04,1200,5
1525,2020-03-04,1300,5
1526,2020-03-04,1400,5
1527,2020-03-04,1500,5
1528,2020-03-04,1600,5
1529,2020-03-04,1700,5
1530,2020-03-04,1800,4
1531,2020-03-04,1900,4
1532,2020-03-04,2000,4
1533,2020-03-04,2100,4
1534,2020-03-04,2200,3
1535,2020-03-04,2300,3
1536,2020-03-05,0,3
1537,2020-03-05,100,3
1538,2020-03-05,200,3
1539,2020-03-05,300,3
1540,2020-03-05,400,3
1541,2020-03-05,500,3
1542,2020-03-05,600,3
1543,2020-03-05,700,3
1544,2020-03-05,800,4
1545,2020-03-05,900,5
1546,2020-03-05,1000,5
1547,2020-03-05,1100,6
1548,2020-03-05,1200,7
1549,2020-03-05,1300,7
1550,2020-03-05,1400,7
1551,2020-03-05,1500,7
1552,2020-03-05,1600,6
1553,2020-03-05,1700,6
1554,2020-03-05,1800,5
1555,2020-03-05,1900,5
1556,2020-03-05,2000,4
1557,2020-03-05,2100,4
1558,2020-03-05,2200,4
1559,2020-03-05,2300,3
1560,2020-03-06,0,3
1561,2020-03-06,100,3
1562,2020-03-06,200,3
1563,2020-03-06,300,3
1564,2020-03-06,400,3
1565,2020-03-06,500,3
1566,2020-03-06,600,2
1567,2020-03-06,700,3
1568,2020-03-06,800,3
1569,2020-03-06,900,4
1570,2020-03-06,1000,5
1571,2020-03-06,1100,5
1572,2020-03-06,1200,6
1573,2020-03-06,1300,6
1574,2020-03-06,1400,7
1575,2020-03-06,1500,7
1576,2020-03-06,1600,7
1577,2020-03-06,1700,6
1578,2020-03-06,1800,6
1579,2020-03-06,1900,5
1580,2020-03-06,2000,4
1581,2020-03-06,2100,4
1582,2020-03-06,2200,4
1583,2020-03-06,2300,4
1584,2020-03-07,0,4
1585,2020-03-07,100,5
1586,2020-03-07,200,6
1587,2020-03-07,300,7
1588,2020-03-07,400,8
1589,2020-03-07,500,8
1590,2020-03-07,600,8
1591,2020-03-07,700,9
1592,2020-03-07,800,9
1593,2020-03-07,900,10
1594,2020-03-07,1000,10
1595,2020-03-07,1100,11
1596,2020-03-07,1200,11
1597,2020-03-07,1300,11
1598,2020-03-07,1400,10
1599,2020-03-07,1500,10
1600,2020-03-07,1600,9
1601,2020-03-07,1700,8
1602,2020-03-07,1800,7
1603,2020-03-07,1900,6
1604,2020-03-07,2000,4
1605,2020-03-07,2100,3
1606,2020-03-07,2200,5
1607,2020-03-07,2300,7
1608,2020-03-08,0,9
1609,2020-03-08,100,8
1610,2020-03-08,200,8
1611,2020-03-08,300,7
1612,2020-03-08,400,7
1613,2020-03-08,500,7
1614,2020-03-08,600,6
1615,2020-03-08,700,7
1616,2020-03-08,800,7
1617,2020-03-08,900,7
1618,2020-03-08,1000,8
1619,2020-03-08,1100,8
1620,2020-03-08,1200,9
1621,2020-03-08,1300,9
1622,2020-03-08,1400,9
1623,2020-03-08,1500,9
1624,2020-03-08,1600,8
1625,2020-03-08,1700,7
1626,2020-03-08,1800,6
1627,2020-03-08,1900,6
1628,2020-03-08,2000,6
1629,2020-03-08,2100,6
1630,2020-03-08,2200,6
1631,2020-03-08,2300,6
1632,2020-03-09,0,6
1633,2020-03-09,100,6
1634,2020-03-09,200,6
1635,2020-03-09,300,6
1636,2020-03-09,400,6
1637,2020-03-09,500,6
1638,2020-03-09,600,5
1639,2020-03-09,700,6
1640,2020-03-09,800,6
1641,2020-03-09,900,6
1642,2020-03-09,1000,6
1643,2020-03-09,1100,6
1644,2020-03-09,1200,6
1645,2020-03-09,1300,7
1646,2020-03-09,1400,8
1647,2020-03-09,1500,9
1648,2020-03-09,1600,7
1649,2020-03-09,1700,6
1650,2020-03-09,1800,5
1651,2020-03-09,1900,3
1652,2020-03-09,2000,2
1653,2020-03-09,2100,1
1654,2020-03-09,2200,4
1655,2020-03-09,2300,8
1656,2020-03-10,0,11
1657,2020-03-10,100,11
1658,2020-03-10,200,11
1659,2020-03-10,300,11
1660,2020-03-10,400,11
1661,2020-03-10,500,11
1662,2020-03-10,600,11
1663,2020-03-10,700,11
1664,2020-03-10,800,11
1665,2020-03-10,900,11
1666,2020-03-10,1000,11
1667,2020-03-10,1100,10
1668,2020-03-10,1200,10
1669,2020-03-10,1300,10
1670,2020-03-10,1400,10
1671,2020-03-10,1500,10
1672,2020-03-10,1600,9
1673,2020-03-10,1700,9
1674,2020-03-10,1800,8
1675,2020-03-10,1900,7
1676,2020-03-10,2000,7
1677,2020-03-10,2100,6
1678,2020-03-10,2200,6
1679,2020-03-10,2300,6
1680,2020-03-11,0,5
1681,2020-03-11,100,6
1682,2020-03-11,200,6
1683,2020-03-11,300,6
1684,2020-03-11,400,7
1685,2020-03-11,500,7
1686,2020-03-11,600,7
1687,2020-03-11,700,7
1688,2020-03-11,800,8
1689,2020-03-11,900,8
1690,2020-03-11,1000,8
1691,2020-03-11,1100,7
1692,2020-03-11,1200,7
1693,2020-03-11,1300,8
1694,2020-03-11,1400,8
1695,2020-03-11,1500,9
1696,2020-03-11,1600,8
1697,2020-03-11,1700,8
1698,2020-03-11,1800,8
1699,2020-03-11,1900,6
1700,2020-03-11,2000,5
1701,2020-03-11,2100,3
1702,2020-03-11,2200,3
1703,2020-03-11,2300,3
1704,2020-03-12,0,3
1705,2020-03-12,100,3
1706,2020-03-12,200,3
1707,2020-03-12,300,3
1708,2020-03-12,400,3
1709,2020-03-12,500,3
1710,2020-03-12,600,4
1711,2020-03-12,700,4
1712,2020-03-12,800,5
1713,2020-03-12,900,5
1714,2020-03-12,1000,6
1715,2020-03-12,1100,6
1716,2020-03-12,1200,6
1717,2020-03-12,1300,7
1718,2020-03-12,1400,7
1719,2020-03-12,1500,8
1720,2020-03-12,1600,7
1721,2020-03-12,1700,7
1722,2020-03-12,1800,7
1723,2020-03-12,1900,6
1724,2020-03-12,2000,6
1725,2020-03-12,2100,5
1726,2020-03-12,2200,5
1727,2020-03-12,2300,6
1728,2020-03-13,0,6
1729,2020-03-13,100,6
1730,2020-03-13,200,6
1731,2020-03-13,300,5
1732,2020-03-13,400,6
1733,2020-03-13,500,6
1734,2020-03-13,600,6
1735,2020-03-13,700,6
1736,2020-03-13,800,6
1737,2020-03-13,900,7
1738,2020-03-13,1000,7
1739,2020-03-13,1100,8
1740,2020-03-13,1200,9
1741,2020-03-13,1300,9
1742,2020-03-13,1400,9
1743,2020-03-13,1500,9
1744,2020-03-13,1600,8
1745,2020-03-13,1700,7
1746,2020-03-13,1800,6
1747,2020-03-13,1900,5
1748,2020-03-13,2000,4
1749,2020-03-13,2100,3
1750,2020-03-13,2200,4
1751,2020-03-13,2300,6
1752,2020-03-14,0,7
1753,2020-03-14,100,7
1754,2020-03-14,200,7
1755,2020-03-14,300,7
1756,2020-03-14,400,7
1757,2020-03-14,500,7
1758,2020-03-14,600,7
1759,2020-03-14,700,7
1760,2020-03-14,800,7
1761,2020-03-14,900,7
1762,2020-03-14,1000,8
1763,2020-03-14,1100,8
1764,2020-03-14,1200,9
1765,2020-03-14,1300,9
1766,2020-03-14,1400,9
1767,2020-03-14,1500,9
1768,2020-03-14,1600,8
1769,2020-03-14,1700,7
1770,2020-03-14,1800,6
1771,2020-03-14,1900,6
1772,2020-03-14,2000,5
1773,2020-03-14,2100,4
1774,2020-03-14,2200,6
1775,2020-03-14,2300,7
1776,2020-03-15,0,8
1777,2020-03-15,100,8
1778,2020-03-15,200,7
1779,2020-03-15,300,7
1780,2020-03-15,400,7
1781,2020-03-15,500,6
1782,2020-03-15,600,6
1783,2020-03-15,700,6
1784,2020-03-15,800,6
1785,2020-03-15,900,6
1786,2020-03-15,1000,7
1787,2020-03-15,1100,8
1788,2020-03-15,1200,8
1789,2020-03-15,1300,8
1790,2020-03-15,1400,8
1791,2020-03-15,1500,9
1792,2020-03-15,1600,8
1793,2020-03-15,1700,8
1794,2020-03-15,1800,7
1795,2020-03-15,1900,6
1796,2020-03-15,2000,5
1797,2020-03-15,2100,4
1798,2020-03-15,2200,4
1799,2020-03-15,2300,3
1800,2020-03-16,0,3
1801,2020-03-16,100,3
1802,2020-03-16,200,3
1803,2020-03-16,300,3
1804,2020-03-16,400,3
1805,2020-03-16,500,3
1806,2020-03-16,600,3
1807,2020-03-16,700,4
1808,2020-03-16,800,5
1809,2020-03-16,900,6
1810,2020-03-16,1000,7
1811,2020-03-16,1100,8
1812,2020-03-16,1200,8
1813,2020-03-16,1300,9
1814,2020-03-16,1400,9
1815,2020-03-16,1500,9
1816,2020-03-16,1600,9
1817,2020-03-16,1700,9
1818,2020-03-16,1800,9
1819,2020-03-16,1900,9
1820,2020-03-16,2000,9
1821,2020-03-16,2100,9
1822,2020-03-16,2200,9
1823,2020-03-16,2300,9
1824,2020-03-17,0,9
1825,2020-03-17,100,9
1826,2020-03-17,200,9
1827,2020-03-17,300,8
1828,2020-03-17,400,8
1829,2020-03-17,500,8
1830,2020-03-17,600,8
1831,2020-03-17,700,8
1832,2020-03-17,800,9
1833,2020-03-17,900,9
1834,2020-03-17,1000,9
1835,2020-03-17,1100,9
1836,2020-03-17,1200,9
1837,2020-03-17,1300,10
1838,2020-03-17,1400,10
1839,2020-03-17,1500,11
1840,2020-03-17,1600,10
1841,2020-03-17,1700,9
1842,2020-03-17,1800,9
1843,2020-03-17,1900,7
1844,2020-03-17,2000,6
1845,2020-03-17,2100,5
1846,2020-03-17,2200,6
1847,2020-03-17,2300,6
1848,2020-03-18,0,7
1849,2020-03-18,100,7
1850,2020-03-18,200,7
1851,2020-03-18,300,7
1852,2020-03-18,400,6
1853,2020-03-18,500,6
1854,2020-03-18,600,6
1855,2020-03-18,700,6
1856,2020-03-18,800,6
1857,2020-03-18,900,6
1858,2020-03-18,1000,6
1859,2020-03-18,1100,6
1860,2020-03-18,1200,7
1861,2020-03-18,1300,7
1862,2020-03-18,1400,7
1863,2020-03-18,1500,7
1864,2020-03-18,1600,7
1865,2020-03-18,1700,7
1866,2020-03-18,1800,7
1867,2020-03-18,1900,6
1868,2020-03-18,2000,5
1869,2020-03-18,2100,4
1870,2020-03-18,2200,4
1871,2020-03-18,2300,4
1872,2020-03-19,0,3
1873,2020-03-19,100,3
1874,2020-03-19,200,3
1875,2020-03-19,300,3
1876,2020-03-19,400,3
1877,2020-03-19,500,3
1878,2020-03-19,600,2
1879,2020-03-19,700,3
1880,2020-03-19,800,4
1881,2020-03-19,900,5
1882,2020-03-19,1000,5
1883,2020-03-19,1100,6
1884,2020-03-19,1200,6
1885,2020-03-19,1300,7
1886,2020-03-19,1400,7
1887,2020-03-19,1500,7
1888,2020-03-19,1600,7
1889,2020-03-19,1700,7
1890,2020-03-19,1800,7
1891,2020-03-19,1900,6
1892,2020-03-19,2000,6
1893,2020-03-19,2100,6
1894,2020-03-19,2200,5
1895,2020-03-19,2300,5
1896,2020-03-20,0,4
1897,2020-03-20,100,4
1898,2020-03-20,200,3
1899,2020-03-20,300,3
1900,2020-03-20,400,3
1901,2020-03-20,500,3
1902,2020-03-20,600,3
1903,2020-03-20,700,4
1904,2020-03-20,800,5
1905,2020-03-20,900,6
1906,2020-03-20,1000,6
1907,2020-03-20,1100,7
1908,2020-03-20,1200,7
1909,2020-03-20,1300,7
1910,2020-03-20,1400,7
1911,2020-03-20,1500,7
1912,2020-03-20,1600,7
1913,2020-03-20,1700,7
1914,2020-03-20,1800,7
1915,2020-03-20,1900,7
1916,2020-03-20,2000,7
1917,2020-03-20,2100,6
1918,2020-03-20,2200,6
1919,2020-03-20,2300,6
1920,2020-03-21,0,5
1921,2020-03-21,100,5
1922,2020-03-21,200,4
1923,2020-03-21,300,4
1924,2020-03-21,400,4
1925,2020-03-21,500,4
1926,2020-03-21,600,4
1927,2020-03-21,700,5
1928,2020-03-21,800,5
1929,2020-03-21,900,6
1930,2020-03-21,1000,6
1931,2020-03-21,1100,7
1932,2020-03-21,1200,7
1933,2020-03-21,1300,7
1934,2020-03-21,1400,8
1935,2020-03-21,1500,8
1936,2020-03-21,1600,8
1937,2020-03-21,1700,8
1938,2020-03-21,1800,8
1939,2020-03-21,1900,7
1940,2020-03-21,2000,7
1941,2020-03-21,2100,6
1942,2020-03-21,2200,6
1943,2020-03-21,2300,5
1944,2020-03-22,0,5
1945,2020-03-22,100,4
1946,2020-03-22,200,4
1947,2020-03-22,300,3
1948,2020-03-22,400,3
1949,2020-03-22,500,3
1950,2020-03-22,600,3
1951,2020-03-22,700,4
1952,2020-03-22,800,5
1953,2020-03-22,900,6
1954,2020-03-22,1000,6
1955,2020-03-22,1100,7
1956,2020-03-22,1200,7
1957,2020-03-22,1300,7
1958,2020-03-22,1400,7
1959,2020-03-22,1500,7
1960,2020-03-22,1600,7
1961,2020-03-22,1700,7
1962,2020-03-22,1800,6
1963,2020-03-22,1900,6
1964,2020-03-22,2000,5
1965,2020-03-22,2100,4
1966,2020-03-22,2200,4
1967,2020-03-22,2300,5
1968,2020-03-23,0,5
1969,2020-03-23,100,5
1970,2020-03-23,200,5
1971,2020-03-23,300,5
1972,2020-03-23,400,5
1973,2020-03-23,500,5
1974,2020-03-23,600,5
1975,2020-03-23,700,6
1976,2020-03-23,800,6
1977,2020-03-23,900,7
1978,2020-03-23,1000,8
1979,2020-03-23,1100,9
1980,2020-03-23,1200,9
1981,2020-03-23,1300,10
1982,2020-03-23,1400,10
1983,2020-03-23,1500,10
1984,2020-03-23,1600,9
1985,2020-03-23,1700,9
1986,2020-03-23,1800,8
1987,2020-03-23,1900,8
1988,2020-03-23,2000,7
1989,2020-03-23,2100,7
1990,2020-03-23,2200,6
1991,2020-03-23,2300,6
1992,2020-03-24,0,6
1993,2020-03-24,100,6
1994,2020-03-24,200,6
1995,2020-03-24,300,6
1996,2020-03-24,400,6
1997,2020-03-24,500,6
1998,2020-03-24,600,6
1999,2020-03-24,700,7
2000,2020-03-24,800,8
2001,2020-03-24,900,9
2002,2020-03-24,1000,10
2003,2020-03-24,1100,11
2004,2020-03-24,1200,12
2005,2020-03-24,1300,12
2006,2020-03-24,1400,12
2007,2020-03-24,1500,12
2008,2020-03-24,1600,11
2009,2020-03-24,1700,10
2010,2020-03-24,1800,9
2011,2020-03-24,1900,8
2012,2020-03-24,2000,8
2013,2020-03-24,2100,7
2014,2020-03-24,2200,7
2015,2020-03-24,2300,7
2016,2020-03-25,0,6
2017,2020-03-25,100,6
2018,2020-03-25,200,6
2019,2020-03-25,300,6
2020,2020-03-25,400,6
2021,2020-03-25,500,6
2022,2020-03-25,600,6
2023,2020-03-25,700,7
2024,2020-03-25,800,9
2025,2020-03-25,900,10
2026,2020-03-25,1000,11
2027,2020-03-25,1100,12
2028,2020-03-25,1200,12
2029,2020-03-25,1300,13
2030,2020-03-25,1400,13
2031,2020-03-25,1500,13
2032,2020-03-25,1600,12
2033,2020-03-25,1700,11
2034,2020-03-25,1800,11
2035,2020-03-25,1900,10
2036,2020-03-25,2000,9
2037,2020-03-25,2100,8
2038,2020-03-25,2200,8
2039,2020-03-25,2300,8
2040,2020-03-26,0,8
2041,2020-03-26,100,8
2042,2020-03-26,200,8
2043,2020-03-26,300,8
2044,2020-03-26,400,7
2045,2020-03-26,500,7
2046,2020-03-26,600,7
2047,2020-03-26,700,8
2048,2020-03-26,800,8
2049,2020-03-26,900,9
2050,2020-03-26,1000,9
2051,2020-03-26,1100,9
2052,2020-03-26,1200,10
2053,2020-03-26,1300,9
2054,2020-03-26,1400,9
2055,2020-03-26,1500,9
2056,2020-03-26,1600,9
2057,2020-03-26,1700,9
2058,2020-03-26,1800,8
2059,2020-03-26,1900,8
2060,2020-03-26,2000,7
2061,2020-03-26,2100,6
2062,2020-03-26,2200,6
2063,2020-03-26,2300,6
2064,2020-03-27,0,6
2065,2020-03-27,100,6
2066,2020-03-27,200,7
2067,2020-03-27,300,7
2068,2020-03-27,400,7
2069,2020-03-27,500,7
2070,2020-03-27,600,7
2071,2020-03-27,700,7
2072,2020-03-27,800,8
2073,2020-03-27,900,8
2074,2020-03-27,1000,8
2075,2020-03-27,1100,8
2076,2020-03-27,1200,9
2077,2020-03-27,1300,9
2078,2020-03-27,1400,9
2079,2020-03-27,1500,9
2080,2020-03-27,1600,8
2081,2020-03-27,1700,8
2082,2020-03-27,1800,8
2083,2020-03-27,1900,8
2084,2020-03-27,2000,7
2085,2020-03-27,2100,7
2086,2020-03-27,2200,7
2087,2020-03-27,2300,7
2088,2020-03-28,0,7
2089,2020-03-28,100,7
2090,2020-03-28,200,7
2091,2020-03-28,300,6
2092,2020-03-28,400,6
2093,2020-03-28,500,6
2094,2020-03-28,600,7
2095,2020-03-28,700,7
2096,2020-03-28,800,7
2097,2020-03-28,900,7
2098,2020-03-28,1000,7
2099,2020-03-28,1100,8
2100,2020-03-28,1200,8
2101,2020-03-28,1300,8
2102,2020-03-28,1400,8
2103,2020-03-28,1500,8
2104,2020-03-28,1600,8
2105,2020-03-28,1700,8
2106,2020-03-28,1800,7
2107,2020-03-28,1900,7
2108,2020-03-28,2000,6
2109,2020-03-28,2100,6
2110,2020-03-28,2200,5
2111,2020-03-28,2300,5
2112,2020-03-29,0,5
2113,2020-03-29,100,5
2114,2020-03-29,200,4
2115,2020-03-29,300,4
2116,2020-03-29,400,4
2117,2020-03-29,500,4
2118,2020-03-29,600,4
2119,2020-03-29,700,4
2120,2020-03-29,800,4
2121,2020-03-29,900,4
2122,2020-03-29,1000,4
2123,2020-03-29,1100,4
2124,2020-03-29,1200,5
2125,2020-03-29,1300,5
2126,2020-03-29,1400,5
2127,2020-03-29,1500,5
2128,2020-03-29,1600,4
2129,2020-03-29,1700,2
2130,2020-03-29,1800,1
2131,2020-03-29,1900,0
2132,2020-03-29,2000,-2
2133,2020-03-29,2100,-3
2134,2020-03-29,2200,-1
2135,2020-03-29,2300,1
2136,2020-03-30,0,2
2137,2020-03-30,100,2
2138,2020-03-30,200,2
2139,2020-03-30,300,2
2140,2020-03-30,400,2
2141,2020-03-30,500,2
2142,2020-03-30,600,2
2143,2020-03-30,700,4
2144,2020-03-30,800,5
2145,2020-03-30,900,6
2146,2020-03-30,1000,7
2147,2020-03-30,1100,7
2148,2020-03-30,1200,8
2149,2020-03-30,1300,8
2150,2020-03-30,1400,8
2151,2020-03-30,1500,8
2152,2020-03-30,1600,8
2153,2020-03-30,1700,7
2154,2020-03-30,1800,7
2155,2020-03-30,1900,7
2156,2020-03-30,2000,6
2157,2020-03-30,2100,5
2158,2020-03-30,2200,5
2159,2020-03-30,2300,5
2160,2020-03-31,0,5
2161,2020-03-31,100,4
2162,2020-03-31,200,4
2163,2020-03-31,300,4
2164,2020-03-31,400,4
2165,2020-03-31,500,4
2166,2020-03-31,600,4
2167,2020-03-31,700,5
2168,2020-03-31,800,6
2169,2020-03-31,900,6
2170,2020-03-31,1000,7
2171,2020-03-31,1100,7
2172,2020-03-31,1200,8
2173,2020-03-31,1300,8
2174,2020-03-31,1400,8
2175,2020-03-31,1500,8
2176,2020-03-31,1600,7
2177,2020-03-31,1700,7
2178,2020-03-31,1800,7
2179,2020-03-31,1900,7
2180,2020-03-31,2000,7
2181,2020-03-31,2100,7
2182,2020-03-31,2200,7
2183,2020-03-31,2300,7
2184,2020-04-01,0,6
2185,2020-04-01,100,6
2186,2020-04-01,200,6
2187,2020-04-01,300,6
2188,2020-04-01,400,6
2189,2020-04-01,500,6
2190,2020-04-01,600,6
2191,2020-04-01,700,6
2192,2020-04-01,800,7
2193,2020-04-01,900,7
2194,2020-04-01,1000,7
2195,2020-04-01,1100,7
2196,2020-04-01,1200,8
2197,2020-04-01,1300,8
2198,2020-04-01,1400,8
2199,2020-04-01,1500,8
2200,2020-04-01,1600,8
2201,2020-04-01,1700,8
2202,2020-04-01,1800,8
2203,2020-04-01,1900,7
2204,2020-04-01,2000,6
2205,2020-04-01,2100,6
2206,2020-04-01,2200,6
2207,2020-04-01,2300,6
2208,2020-04-02,0,6
2209,2020-04-02,100,6
2210,2020-04-02,200,7
2211,2020-04-02,300,7
2212,2020-04-02,400,7
2213,2020-04-02,500,7
2214,2020-04-02,600,7
2215,2020-04-02,700,7
2216,2020-04-02,800,8
2217,2020-04-02,900,8
2218,2020-04-02,1000,8
2219,2020-04-02,1100,9
2220,2020-04-02,1200,9
2221,2020-04-02,1300,9
2222,2020-04-02,1400,10
2223,2020-04-02,1500,11
2224,2020-04-02,1600,10
2225,2020-04-02,1700,9
2226,2020-04-02,1800,9
2227,2020-04-02,1900,8
2228,2020-04-02,2000,7
2229,2020-04-02,2100,6
2230,2020-04-02,2200,5
2231,2020-04-02,2300,4
2232,2020-04-03,0,4
2233,2020-04-03,100,5
2234,2020-04-03,200,6
2235,2020-04-03,300,6
2236,2020-04-03,400,6
2237,2020-04-03,500,6
2238,2020-04-03,600,6
2239,2020-04-03,700,6
2240,2020-04-03,800,7
2241,2020-04-03,900,8
2242,2020-04-03,1000,8
2243,2020-04-03,1100,8
2244,2020-04-03,1200,8
2245,2020-04-03,1300,8
2246,2020-04-03,1400,9
2247,2020-04-03,1500,9
2248,2020-04-03,1600,8
2249,2020-04-03,1700,7
2250,2020-04-03,1800,5
2251,2020-04-03,1900,4
2252,2020-04-03,2000,3
2253,2020-04-03,2100,1
2254,2020-04-03,2200,3
2255,2020-04-03,2300,4
2256,2020-04-04,0,5
2257,2020-04-04,100,5
2258,2020-04-04,200,5
2259,2020-04-04,300,5
2260,2020-04-04,400,5
2261,2020-04-04,500,5
2262,2020-04-04,600,5
2263,2020-04-04,700,6
2264,2020-04-04,800,7
2265,2020-04-04,900,9
2266,2020-04-04,1000,9
2267,2020-04-04,1100,9
2268,2020-04-04,1200,10
2269,2020-04-04,1300,10
2270,2020-04-04,1400,10
2271,2020-04-04,1500,10
2272,2020-04-04,1600,9
2273,2020-04-04,1700,9
2274,2020-04-04,1800,9
2275,2020-04-04,1900,9
2276,2020-04-04,2000,8
2277,2020-04-04,2100,8
2278,2020-04-04,2200,8
2279,2020-04-04,2300,8
2280,2020-04-05,0,8
2281,2020-04-05,100,8
2282,2020-04-05,200,8
2283,2020-04-05,300,8
2284,2020-04-05,400,8
2285,2020-04-05,500,8
2286,2020-04-05,600,8
2287,2020-04-05,700,9
2288,2020-04-05,800,9
2289,2020-04-05,900,9
2290,2020-04-05,1000,10
2291,2020-04-05,1100,11
2292,2020-04-05,1200,12
2293,2020-04-05,1300,12
2294,2020-04-05,1400,11
2295,2020-04-05,1500,11
2296,2020-04-05,1600,11
2297,2020-04-05,1700,11
2298,2020-04-05,1800,11
2299,2020-04-05,1900,11
2300,2020-04-05,2000,11
2301,2020-04-05,2100,11
2302,2020-04-05,2200,10
2303,2020-04-05,2300,9
2304,2020-04-06,0,8
2305,2020-04-06,100,8
2306,2020-04-06,200,8
2307,2020-04-06,300,8
2308,2020-04-06,400,8
2309,2020-04-06,500,7
2310,2020-04-06,600,7
2311,2020-04-06,700,8
2312,2020-04-06,800,8
2313,2020-04-06,900,8
2314,2020-04-06,1000,9
2315,2020-04-06,1100,10
2316,2020-04-06,1200,10
2317,2020-04-06,1300,11
2318,2020-04-06,1400,11
2319,2020-04-06,1500,11
2320,2020-04-06,1600,11
2321,2020-04-06,1700,10
2322,2020-04-06,1800,10
2323,2020-04-06,1900,9
2324,2020-04-06,2000,8
2325,2020-04-06,2100,7
2326,2020-04-06,2200,6
2327,2020-04-06,2300,6
2328,2020-04-07,0,6
2329,2020-04-07,100,6
2330,2020-04-07,200,6
2331,2020-04-07,300,6
2332,2020-04-07,400,6
2333,2020-04-07,500,6
2334,2020-04-07,600,6
2335,2020-04-07,700,7
2336,2020-04-07,800,8
2337,2020-04-07,900,9
2338,2020-04-07,1000,10
2339,2020-04-07,1100,11
2340,2020-04-07,1200,11
2341,2020-04-07,1300,11
2342,2020-04-07,1400,11
2343,2020-04-07,1500,11
2344,2020-04-07,1600,11
2345,2020-04-07,1700,11
2346,2020-04-07,1800,10
2347,2020-04-07,1900,9
2348,2020-04-07,2000,8
2349,2020-04-07,2100,7
2350,2020-04-07,2200,7
2351,2020-04-07,2300,7
2352,2020-04-08,0,7
2353,2020-04-08,100,7
2354,2020-04-08,200,7
2355,2020-04-08,300,7
2356,2020-04-08,400,7
2357,2020-04-08,500,7
2358,2020-04-08,600,7
2359,2020-04-08,700,8
2360,2020-04-08,800,10
2361,2020-04-08,900,11
2362,2020-04-08,1000,12
2363,2020-04-08,1100,12
2364,2020-04-08,1200,13
2365,2020-04-08,1300,12
2366,2020-04-08,1400,12
2367,2020-04-08,1500,12
2368,2020-04-08,1600,12
2369,2020-04-08,1700,11
2370,2020-04-08,1800,11
2371,2020-04-08,1900,10
2372,2020-04-08,2000,10
2373,2020-04-08,2100,9
2374,2020-04-08,2200,9
2375,2020-04-08,2300,9
2376,2020-04-09,0,9
2377,2020-04-09,100,9
2378,2020-04-09,200,9
2379,2020-04-09,300,9
2380,2020-04-09,400,9
2381,2020-04-09,500,9
2382,2020-04-09,600,9
2383,2020-04-09,700,9
2384,2020-04-09,800,10
2385,2020-04-09,900,11
2386,2020-04-09,1000,11
2387,2020-04-09,1100,12
2388,2020-04-09,1200,13
2389,2020-04-09,1300,13
2390,2020-04-09,1400,13
2391,2020-04-09,1500,13
2392,2020-04-09,1600,13
2393,2020-04-09,1700,13
2394,2020-04-09,1800,12
2395,2020-04-09,1900,12
2396,2020-04-09,2000,11
2397,2020-04-09,2100,11
2398,2020-04-09,2200,11
2399,2020-04-09,2300,10
2400,2020-04-10,0,10
2401,2020-04-10,100,11
2402,2020-04-10,200,11
2403,2020-04-10,300,11
2404,2020-04-10,400,11
2405,2020-04-10,500,11
2406,2020-04-10,600,10
2407,2020-04-10,700,11
2408,2020-04-10,800,12
2409,2020-04-10,900,13
2410,2020-04-10,1000,14
2411,2020-04-10,1100,15
2412,2020-04-10,1200,15
2413,2020-04-10,1300,15
2414,2020-04-10,1400,15
2415,2020-04-10,1500,16
2416,2020-04-10,1600,15
2417,2020-04-10,1700,14
2418,2020-04-10,1800,14
2419,2020-04-10,1900,13
2420,2020-04-10,2000,12
2421,2020-04-10,2100,12
2422,2020-04-10,2200,11
2423,2020-04-10,2300,11
2424,2020-04-11,0,11
2425,2020-04-11,100,10
2426,2020-04-11,200,10
2427,2020-04-11,300,10
2428,2020-04-11,400,10
2429,2020-04-11,500,10
2430,2020-04-11,600,10
2431,2020-04-11,700,11
2432,2020-04-11,800,12
2433,2020-04-11,900,13
2434,2020-04-11,1000,14
2435,2020-04-11,1100,14
2436,2020-04-11,1200,15
2437,2020-04-11,1300,15
2438,2020-04-11,1400,15
2439,2020-04-11,1500,15
2440,2020-04-11,1600,14
2441,2020-04-11,1700,14
2442,2020-04-11,1800,14
2443,2020-04-11,1900,13
2444,2020-04-11,2000,11
2445,2020-04-11,2100,10
2446,2020-04-11,2200,9
2447,2020-04-11,2300,9
2448,2020-04-12,0,9
2449,2020-04-12,100,8
2450,2020-04-12,200,8
2451,2020-04-12,300,8
2452,2020-04-12,400,8
2453,2020-04-12,500,8
2454,2020-04-12,600,9
2455,2020-04-12,700,9
2456,2020-04-12,800,10
2457,2020-04-12,900,10
2458,2020-04-12,1000,10
2459,2020-04-12,1100,10
2460,2020-04-12,1200,10
2461,2020-04-12,1300,10
2462,2020-04-12,1400,10
2463,2020-04-12,1500,10
2464,2020-04-12,1600,9
2465,2020-04-12,1700,9
2466,2020-04-12,1800,9
2467,2020-04-12,1900,9
2468,2020-04-12,2000,9
2469,2020-04-12,2100,9
2470,2020-04-12,2200,9
2471,2020-04-12,2300,9
2472,2020-04-13,0,9
2473,2020-04-13,100,8
2474,2020-04-13,200,8
2475,2020-04-13,300,7
2476,2020-04-13,400,7
2477,2020-04-13,500,7
2478,2020-04-13,600,6
2479,2020-04-13,700,6
2480,2020-04-13,800,6
2481,2020-04-13,900,7
2482,2020-04-13,1000,7
2483,2020-04-13,1100,7
2484,2020-04-13,1200,7
2485,2020-04-13,1300,7
2486,2020-04-13,1400,7
2487,2020-04-13,1500,7
2488,2020-04-13,1600,7
2489,2020-04-13,1700,7
2490,2020-04-13,1800,7
2491,2020-04-13,1900,7
2492,2020-04-13,2000,6
2493,2020-04-13,2100,5
2494,2020-04-13,2200,5
2495,2020-04-13,2300,5
2496,2020-04-14,0,6
2497,2020-04-14,100,5
2498,2020-04-14,200,5
2499,2020-04-14,300,5
2500,2020-04-14,400,5
2501,2020-04-14,500,5
2502,2020-04-14,600,5
2503,2020-04-14,700,6
2504,2020-04-14,800,7
2505,2020-04-14,900,8
2506,2020-04-14,1000,9
2507,2020-04-14,1100,9
2508,2020-04-14,1200,10
2509,2020-04-14,1300,10
2510,2020-04-14,1400,10
2511,2020-04-14,1500,10
2512,2020-04-14,1600,10
2513,2020-04-14,1700,10
2514,2020-04-14,1800,10
2515,2020-04-14,1900,9
2516,2020-04-14,2000,8
2517,2020-04-14,2100,7
2518,2020-04-14,2200,7
2519,2020-04-14,2300,7
2520,2020-04-15,0,7
2521,2020-04-15,100,7
2522,2020-04-15,200,6
2523,2020-04-15,300,6
2524,2020-04-15,400,6
2525,2020-04-15,500,6
2526,2020-04-15,600,6
2527,2020-04-15,700,8
2528,2020-04-15,800,9
2529,2020-04-15,900,10
2530,2020-04-15,1000,10
2531,2020-04-15,1100,10
2532,2020-04-15,1200,11
2533,2020-04-15,1300,11
2534,2020-04-15,1400,11
2535,2020-04-15,1500,11
2536,2020-04-15,1600,11
2537,2020-04-15,1700,11
2538,2020-04-15,1800,10
2539,2020-04-15,1900,9
2540,2020-04-15,2000,8
2541,2020-04-15,2100,7
2542,2020-04-15,2200,7
2543,2020-04-15,2300,7
2544,2020-04-16,0,7
2545,2020-04-16,100,6
2546,2020-04-16,200,6
2547,2020-04-16,300,6
2548,2020-04-16,400,7
2549,2020-04-16,500,7
2550,2020-04-16,600,8
2551,2020-04-16,700,8
2552,2020-04-16,800,9
2553,2020-04-16,900,9
2554,2020-04-16,1000,9
2555,2020-04-16,1100,10
2556,2020-04-16,1200,10
2557,2020-04-16,1300,10
2558,2020-04-16,1400,10
2559,2020-04-16,1500,10
2560,2020-04-16,1600,10
2561,2020-04-16,1700,10
2562,2020-04-16,1800,10
2563,2020-04-16,1900,10
2564,2020-04-16,2000,9
2565,2020-04-16,2100,9
2566,2020-04-16,2200,9
2567,2020-04-16,2300,9
2568,2020-04-17,0,9
2569,2020-04-17,100,9
2570,2020-04-17,200,9
2571,2020-04-17,300,9
2572,2020-04-17,400,9
2573,2020-04-17,500,9
2574,2020-04-17,600,9
2575,2020-04-17,700,9
2576,2020-04-17,800,10
2577,2020-04-17,900,10
2578,2020-04-17,1000,10
2579,2020-04-17,1100,10
2580,2020-04-17,1200,10
2581,2020-04-17,1300,10
2582,2020-04-17,1400,10
2583,2020-04-17,1500,11
2584,2020-04-17,1600,10
2585,2020-04-17,1700,10
2586,2020-04-17,1800,10
2587,2020-04-17,1900,10
2588,2020-04-17,2000,9
2589,2020-04-17,2100,9
2590,2020-04-17,2200,9
2591,2020-04-17,2300,9
2592,2020-04-18,0,8
2593,2020-04-18,100,8
2594,2020-04-18,200,8
2595,2020-04-18,300,8
2596,2020-04-18,400,8
2597,2020-04-18,500,8
2598,2020-04-18,600,8
2599,2020-04-18,700,8
2600,2020-04-18,800,8
2601,2020-04-18,900,8
2602,2020-04-18,1000,9
2603,2020-04-18,1100,9
2604,2020-04-18,1200,10
2605,2020-04-18,1300,10
2606,2020-04-18,1400,10
2607,2020-04-18,1500,10
2608,2020-04-18,1600,9
2609,2020-04-18,1700,9
2610,2020-04-18,1800,9
2611,2020-04-18,1900,9
2612,2020-04-18,2000,8
2613,2020-04-18,2100,8
2614,2020-04-18,2200,8
2615,2020-04-18,2300,8
2616,2020-04-19,0,8
2617,2020-04-19,100,8
2618,2020-04-19,200,7
2619,2020-04-19,300,7
2620,2020-04-19,400,7
2621,2020-04-19,500,8
2622,2020-04-19,600,8
2623,2020-04-19,700,8
2624,2020-04-19,800,9
2625,2020-04-19,900,10
2626,2020-04-19,1000,10
2627,2020-04-19,1100,10
2628,2020-04-19,1200,11
2629,2020-04-19,1300,11
2630,2020-04-19,1400,11
2631,2020-04-19,1500,11
2632,2020-04-19,1600,11
2633,2020-04-19,1700,10
2634,2020-04-19,1800,10
2635,2020-04-19,1900,10
2636,2020-04-19,2000,9
2637,2020-04-19,2100,8
2638,2020-04-19,2200,8
2639,2020-04-19,2300,8
2640,2020-04-20,0,8
2641,2020-04-20,100,7
2642,2020-04-20,200,7
2643,2020-04-20,300,7
2644,2020-04-20,400,7
2645,2020-04-20,500,6
2646,2020-04-20,600,6
2647,2020-04-20,700,7
2648,2020-04-20,800,8
2649,2020-04-20,900,9
2650,2020-04-20,1000,9
2651,2020-04-20,1100,9
2652,2020-04-20,1200,10
2653,2020-04-20,1300,10
2654,2020-04-20,1400,10
2655,2020-04-20,1500,10
2656,2020-04-20,1600,10
2657,2020-04-20,1700,10
2658,2020-04-20,1800,10
2659,2020-04-20,1900,10
2660,2020-04-20,2000,9
2661,2020-04-20,2100,9
2662,2020-04-20,2200,8
2663,2020-04-20,2300,8
2664,2020-04-21,0,8
2665,2020-04-21,100,7
2666,2020-04-21,200,7
2667,2020-04-21,300,7
2668,2020-04-21,400,7
2669,2020-04-21,500,7
2670,2020-04-21,600,8
2671,2020-04-21,700,8
2672,2020-04-21,800,9
2673,2020-04-21,900,9
2674,2020-04-21,1000,10
2675,2020-04-21,1100,10
2676,2020-04-21,1200,10
2677,2020-04-21,1300,11
2678,2020-04-21,1400,11
2679,2020-04-21,1500,11
2680,2020-04-21,1600,11
2681,2020-04-21,1700,11
2682,2020-04-21,1800,11
2683,2020-04-21,1900,10
2684,2020-04-21,2000,10
2685,2020-04-21,2100,9
2686,2020-04-21,2200,9
2687,2020-04-21,2300,9
2688,2020-04-22,0,8
2689,2020-04-22,100,8
2690,2020-04-22,200,7
2691,2020-04-22,300,7
2692,2020-04-22,400,7
2693,2020-04-22,500,8
2694,2020-04-22,600,8
2695,2020-04-22,700,8
2696,2020-04-22,800,8
2697,2020-04-22,900,9
2698,2020-04-22,1000,9
2699,2020-04-22,1100,9
2700,2020-04-22,1200,9
2701,2020-04-22,1300,10
2702,2020-04-22,1400,10
2703,2020-04-22,1500,10
2704,2020-04-22,1600,9
2705,2020-04-22,1700,8
2706,2020-04-22,1800,7
2707,2020-04-22,1900,6
2708,2020-04-22,2000,5
2709,2020-04-22,2100,3
2710,2020-04-22,2200,5
2711,2020-04-22,2300,7
2712,2020-04-23,0,9
2713,2020-04-23,100,9
2714,2020-04-23,200,9
2715,2020-04-23,300,9
2716,2020-04-23,400,8
2717,2020-04-23,500,8
2718,2020-04-23,600,8
2719,2020-04-23,700,9
2720,2020-04-23,800,9
2721,2020-04-23,900,9
2722,2020-04-23,1000,10
2723,2020-04-23,1100,10
2724,2020-04-23,1200,11
2725,2020-04-23,1300,11
2726,2020-04-23,1400,11
2727,2020-04-23,1500,11
2728,2020-04-23,1600,11
2729,2020-04-23,1700,11
2730,2020-04-23,1800,11
2731,2020-04-23,1900,10
2732,2020-04-23,2000,9
2733,2020-04-23,2100,9
2734,2020-04-23,2200,9
2735,2020-04-23,2300,9
2736,2020-04-24,0,9
2737,2020-04-24,100,9
2738,2020-04-24,200,9
2739,2020-04-24,300,9
2740,2020-04-24,400,9
2741,2020-04-24,500,9
2742,2020-04-24,600,9
2743,2020-04-24,700,10
2744,2020-04-24,800,11
2745,2020-04-24,900,12
2746,2020-04-24,1000,12
2747,2020-04-24,1100,12
2748,2020-04-24,1200,13
2749,2020-04-24,1300,13
2750,2020-04-24,1400,13
2751,2020-04-24,1500,13
2752,2020-04-24,1600,12
2753,2020-04-24,1700,12
2754,2020-04-24,1800,11
2755,2020-04-24,1900,11
2756,2020-04-24,2000,10
2757,2020-04-24,2100,10
2758,2020-04-24,2200,9
2759,2020-04-24,2300,9
2760,2020-04-25,0,9
2761,2020-04-25,100,9
2762,2020-04-25,200,10
2763,2020-04-25,300,10
2764,2020-04-25,400,10
2765,2020-04-25,500,10
2766,2020-04-25,600,9
2767,2020-04-25,700,10
2768,2020-04-25,800,11
2769,2020-04-25,900,12
2770,2020-04-25,1000,12
2771,2020-04-25,1100,12
2772,2020-04-25,1200,13
2773,2020-04-25,1300,13
2774,2020-04-25,1400,13
2775,2020-04-25,1500,13
2776,2020-04-25,1600,13
2777,2020-04-25,1700,12
2778,2020-04-25,1800,12
2779,2020-04-25,1900,11
2780,2020-04-25,2000,11
2781,2020-04-25,2100,10
2782,2020-04-25,2200,10
2783,2020-04-25,2300,10
2784,2020-04-26,0,10
2785,2020-04-26,100,10
2786,2020-04-26,200,9
2787,2020-04-26,300,9
2788,2020-04-26,400,9
2789,2020-04-26,500,9
2790,2020-04-26,600,9
2791,2020-04-26,700,10
2792,2020-04-26,800,10
2793,2020-04-26,900,11
2794,2020-04-26,1000,10
2795,2020-04-26,1100,9
2796,2020-04-26,1200,9
2797,2020-04-26,1300,8
2798,2020-04-26,1400,8
2799,2020-04-26,1500,8
2800,2020-04-26,1600,8
2801,2020-04-26,1700,8
2802,2020-04-26,1800,8
2803,2020-04-26,1900,8
2804,2020-04-26,2000,8
2805,2020-04-26,2100,8
2806,2020-04-26,2200,8
2807,2020-04-26,2300,8
2808,2020-04-27,0,8
2809,2020-04-27,100,8
2810,2020-04-27,200,8
2811,2020-04-27,300,8
2812,2020-04-27,400,7
2813,2020-04-27,500,7
2814,2020-04-27,600,7
2815,2020-04-27,700,7
2816,2020-04-27,800,8
2817,2020-04-27,900,9
2818,2020-04-27,1000,9
2819,2020-04-27,1100,9
2820,2020-04-27,1200,9
2821,2020-04-27,1300,9
2822,2020-04-27,1400,9
2823,2020-04-27,1500,9
2824,2020-04-27,1600,9
2825,2020-04-27,1700,9
2826,2020-04-27,1800,9
2827,2020-04-27,1900,9
2828,2020-04-27,2000,8
2829,2020-04-27,2100,7
2830,2020-04-27,2200,7
2831,2020-04-27,2300,7
2832,2020-04-28,0,6
2833,2020-04-28,100,6
2834,2020-04-28,200,7
2835,2020-04-28,300,7
2836,2020-04-28,400,7
2837,2020-04-28,500,7
2838,2020-04-28,600,7
2839,2020-04-28,700,8
2840,2020-04-28,800,8
2841,2020-04-28,900,9
2842,2020-04-28,1000,9
2843,2020-04-28,1100,10
2844,2020-04-28,1200,10
2845,2020-04-28,1300,10
2846,2020-04-28,1400,10
2847,2020-04-28,1500,10
2848,2020-04-28,1600,10
2849,2020-04-28,1700,10
2850,2020-04-28,1800,9
2851,2020-04-28,1900,9
2852,2020-04-28,2000,8
2853,2020-04-28,2100,8
2854,2020-04-28,2200,7
2855,2020-04-28,2300,7
2856,2020-04-29,0,7
2857,2020-04-29,100,7
2858,2020-04-29,200,7
2859,2020-04-29,300,7
2860,2020-04-29,400,7
2861,2020-04-29,500,7
2862,2020-04-29,600,8
2863,2020-04-29,700,8
2864,2020-04-29,800,8
2865,2020-04-29,900,8
2866,2020-04-29,1000,8
2867,2020-04-29,1100,8
2868,2020-04-29,1200,8
2869,2020-04-29,1300,9
2870,2020-04-29,1400,10
2871,2020-04-29,1500,11
2872,2020-04-29,1600,11
2873,2020-04-29,1700,11
2874,2020-04-29,1800,10
2875,2020-04-29,1900,9
2876,2020-04-29,2000,8
2877,2020-04-29,2100,6
2878,2020-04-29,2200,7
2879,2020-04-29,2300,7
2880,2020-04-30,0,7
2881,2020-04-30,100,7
2882,2020-04-30,200,7
2883,2020-04-30,300,7
2884,2020-04-30,400,7
2885,2020-04-30,500,7
2886,2020-04-30,600,6
2887,2020-04-30,700,7
2888,2020-04-30,800,7
2889,2020-04-30,900,8
2890,2020-04-30,1000,7
2891,2020-04-30,1100,7
2892,2020-04-30,1200,7
2893,2020-04-30,1300,7
2894,2020-04-30,1400,8
2895,2020-04-30,1500,9
2896,2020-04-30,1600,8
2897,2020-04-30,1700,7
2898,2020-04-30,1800,7
2899,2020-04-30,1900,5
2900,2020-04-30,2000,4
2901,2020-04-30,2100,3
2902,2020-04-30,2200,4
2903,2020-04-30,2300,5
2904,2020-05-01,0,6
2905,2020-05-01,100,6
2906,2020-05-01,200,6
2907,2020-05-01,300,5
2908,2020-05-01,400,5
2909,2020-05-01,500,5
2910,2020-05-01,600,5
2911,2020-05-01,700,6
2912,2020-05-01,800,7
2913,2020-05-01,900,8
2914,2020-05-01,1000,9
2915,2020-05-01,1100,10
2916,2020-05-01,1200,11
2917,2020-05-01,1300,11
2918,2020-05-01,1400,11
2919,2020-05-01,1500,12
2920,2020-05-01,1600,11
2921,2020-05-01,1700,10
2922,2020-05-01,1800,10
2923,2020-05-01,1900,9
2924,2020-05-01,2000,8
2925,2020-05-01,2100,7
2926,2020-05-01,2200,6
2927,2020-05-01,2300,6
2928,2020-05-02,0,5
2929,2020-05-02,100,6
2930,2020-05-02,200,6
2931,2020-05-02,300,6
2932,2020-05-02,400,6
2933,2020-05-02,500,6
2934,2020-05-02,600,6
2935,2020-05-02,700,7
2936,2020-05-02,800,8
2937,2020-05-02,900,9
2938,2020-05-02,1000,10
2939,2020-05-02,1100,11
2940,2020-05-02,1200,12
2941,2020-05-02,1300,12
2942,2020-05-02,1400,12
2943,2020-05-02,1500,12
2944,2020-05-02,1600,12
2945,2020-05-02,1700,11
2946,2020-05-02,1800,11
2947,2020-05-02,1900,10
2948,2020-05-02,2000,9
2949,2020-05-02,2100,8
2950,2020-05-02,2200,8
2951,2020-05-02,2300,8
2952,2020-05-03,0,9
2953,2020-05-03,100,8
2954,2020-05-03,200,8
2955,2020-05-03,300,8
2956,2020-05-03,400,8
2957,2020-05-03,500,8
2958,2020-05-03,600,9
2959,2020-05-03,700,9
2960,2020-05-03,800,10
2961,2020-05-03,900,11
2962,2020-05-03,1000,11
2963,2020-05-03,1100,11
2964,2020-05-03,1200,11
2965,2020-05-03,1300,11
2966,2020-05-03,1400,11
2967,2020-05-03,1500,11
2968,2020-05-03,1600,11
2969,2020-05-03,1700,10
2970,2020-05-03,1800,9
2971,2020-05-03,1900,9
2972,2020-05-03,2000,9
2973,2020-05-03,2100,9
2974,2020-05-03,2200,9
2975,2020-05-03,2300,8
2976,2020-05-04,0,8
2977,2020-05-04,100,8
2978,2020-05-04,200,9
2979,2020-05-04,300,9
2980,2020-05-04,400,8
2981,2020-05-04,500,8
2982,2020-05-04,600,8
2983,2020-05-04,700,8
2984,2020-05-04,800,9
2985,2020-05-04,900,10
2986,2020-05-04,1000,10
2987,2020-05-04,1100,10
2988,2020-05-04,1200,10
2989,2020-05-04,1300,10
2990,2020-05-04,1400,10
2991,2020-05-04,1500,10
2992,2020-05-04,1600,9
2993,2020-05-04,1700,9
2994,2020-05-04,1800,8
2995,2020-05-04,1900,7
2996,2020-05-04,2000,6
2997,2020-05-04,2100,5
2998,2020-05-04,2200,7
2999,2020-05-04,2300,8
3000,2020-05-05,0,9
3001,2020-05-05,100,9
3002,2020-05-05,200,8
3003,2020-05-05,300,8
3004,2020-05-05,400,8
3005,2020-05-05,500,8
3006,2020-05-05,600,8
3007,2020-05-05,700,8
3008,2020-05-05,800,9
3009,2020-05-05,900,9
3010,2020-05-05,1000,10
3011,2020-05-05,1100,10
3012,2020-05-05,1200,11
3013,2020-05-05,1300,11
3014,2020-05-05,1400,11
3015,2020-05-05,1500,11
3016,2020-05-05,1600,11
3017,2020-05-05,1700,11
3018,2020-05-05,1800,11
3019,2020-05-05,1900,10
3020,2020-05-05,2000,10
3021,2020-05-05,2100,9
3022,2020-05-05,2200,9
3023,2020-05-05,2300,9
3024,2020-05-06,0,9
3025,2020-05-06,100,9
3026,2020-05-06,200,8
3027,2020-05-06,300,8
3028,2020-05-06,400,8
3029,2020-05-06,500,8
3030,2020-05-06,600,8
3031,2020-05-06,700,9
3032,2020-05-06,800,10
3033,2020-05-06,900,10
3034,2020-05-06,1000,10
3035,2020-05-06,1100,11
3036,2020-05-06,1200,11
3037,2020-05-06,1300,11
3038,2020-05-06,1400,11
3039,2020-05-06,1500,11
3040,2020-05-06,1600,11
3041,2020-05-06,1700,11
3042,2020-05-06,1800,11
3043,2020-05-06,1900,10
3044,2020-05-06,2000,10
3045,2020-05-06,2100,9
3046,2020-05-06,2200,9
3047,2020-05-06,2300,9
3048,2020-05-07,0,10
3049,2020-05-07,100,9
3050,2020-05-07,200,9
3051,2020-05-07,300,9
3052,2020-05-07,400,9
3053,2020-05-07,500,10
3054,2020-05-07,600,10
3055,2020-05-07,700,10
3056,2020-05-07,800,11
3057,2020-05-07,900,12
3058,2020-05-07,1000,13
3059,2020-05-07,1100,13
3060,2020-05-07,1200,14
3061,2020-05-07,1300,14
3062,2020-05-07,1400,15
3063,2020-05-07,1500,15
3064,2020-05-07,1600,14
3065,2020-05-07,1700,14
3066,2020-05-07,1800,14
3067,2020-05-07,1900,13
3068,2020-05-07,2000,12
3069,2020-05-07,2100,10
3070,2020-05-07,2200,10
3071,2020-05-07,2300,10
3072,2020-05-08,0,10
3073,2020-05-08,100,9
3074,2020-05-08,200,9
3075,2020-05-08,300,9
3076,2020-05-08,400,10
3077,2020-05-08,500,10
3078,2020-05-08,600,11
3079,2020-05-08,700,11
3080,2020-05-08,800,12
3081,2020-05-08,900,13
3082,2020-05-08,1000,13
3083,2020-05-08,1100,14
3084,2020-05-08,1200,14
3085,2020-05-08,1300,14
3086,2020-05-08,1400,14
3087,2020-05-08,1500,14
3088,2020-05-08,1600,13
3089,2020-05-08,1700,11
3090,2020-05-08,1800,10
3091,2020-05-08,1900,9
3092,2020-05-08,2000,8
3093,2020-05-08,2100,7
3094,2020-05-08,2200,8
3095,2020-05-08,2300,10
3096,2020-05-09,0,11
3097,2020-05-09,100,11
3098,2020-05-09,200,11
3099,2020-05-09,300,10
3100,2020-05-09,400,11
3101,2020-05-09,500,11
3102,2020-05-09,600,12
3103,2020-05-09,700,12
3104,2020-05-09,800,13
3105,2020-05-09,900,14
3106,2020-05-09,1000,14
3107,2020-05-09,1100,14
3108,2020-05-09,1200,14
3109,2020-05-09,1300,15
3110,2020-05-09,1400,15
3111,2020-05-09,1500,15
3112,2020-05-09,1600,15
3113,2020-05-09,1700,15
3114,2020-05-09,1800,15
3115,2020-05-09,1900,13
3116,2020-05-09,2000,12
3117,2020-05-09,2100,11
3118,2020-05-09,2200,10
3119,2020-05-09,2300,10
3120,2020-05-10,0,10
3121,2020-05-10,100,10
3122,2020-05-10,200,10
3123,2020-05-10,300,10
3124,2020-05-10,400,10
3125,2020-05-10,500,9
3126,2020-05-10,600,9
3127,2020-05-10,700,9
3128,2020-05-10,800,10
3129,2020-05-10,900,11
3130,2020-05-10,1000,10
3131,2020-05-10,1100,9
3132,2020-05-10,1200,9
3133,2020-05-10,1300,9
3134,2020-05-10,1400,8
3135,2020-05-10,1500,8
3136,2020-05-10,1600,8
3137,2020-05-10,1700,8
3138,2020-05-10,1800,8
3139,2020-05-10,1900,8
3140,2020-05-10,2000,8
3141,2020-05-10,2100,7
3142,2020-05-10,2200,7
3143,2020-05-10,2300,6
3144,2020-05-11,0,6
3145,2020-05-11,100,6
3146,2020-05-11,200,5
3147,2020-05-11,300,5
3148,2020-05-11,400,5
3149,2020-05-11,500,5
3150,2020-05-11,600,5
3151,2020-05-11,700,5
3152,2020-05-11,800,6
3153,2020-05-11,900,6
3154,2020-05-11,1000,6
3155,2020-05-11,1100,6
3156,2020-05-11,1200,7
3157,2020-05-11,1300,7
3158,2020-05-11,1400,7
3159,2020-05-11,1500,7
3160,2020-05-11,1600,7
3161,2020-05-11,1700,7
3162,2020-05-11,1800,7
3163,2020-05-11,1900,7
3164,2020-05-11,2000,6
3165,2020-05-11,2100,6
3166,2020-05-11,2200,5
3167,2020-05-11,2300,4
3168,2020-05-12,0,3
3169,2020-05-12,100,3
3170,2020-05-12,200,3
3171,2020-05-12,300,2
3172,2020-05-12,400,3
3173,2020-05-12,500,3
3174,2020-05-12,600,4
3175,2020-05-12,700,5
3176,2020-05-12,800,7
3177,2020-05-12,900,8
3178,2020-05-12,1000,9
3179,2020-05-12,1100,9
3180,2020-05-12,1200,10
3181,2020-05-12,1300,10
3182,2020-05-12,1400,10
3183,2020-05-12,1500,10
3184,2020-05-12,1600,9
3185,2020-05-12,1700,8
3186,2020-05-12,1800,7
3187,2020-05-12,1900,7
3188,2020-05-12,2000,6
3189,2020-05-12,2100,5
3190,2020-05-12,2200,6
3191,2020-05-12,2300,6
3192,2020-05-13,0,7
3193,2020-05-13,100,6
3194,2020-05-13,200,6
3195,2020-05-13,300,5
3196,2020-05-13,400,5
3197,2020-05-13,500,5
3198,2020-05-13,600,5
3199,2020-05-13,700,6
3200,2020-05-13,800,7
3201,2020-05-13,900,8
3202,2020-05-13,1000,8
3203,2020-05-13,1100,8
3204,2020-05-13,1200,8
3205,2020-05-13,1300,8
3206,2020-05-13,1400,8
3207,2020-05-13,1500,8
3208,2020-05-13,1600,8
3209,2020-05-13,1700,8
3210,2020-05-13,1800,8
3211,2020-05-13,1900,7
3212,2020-05-13,2000,6
3213,2020-05-13,2100,6
3214,2020-05-13,2200,5
3215,2020-05-13,2300,5
3216,2020-05-14,0,5
3217,2020-05-14,100,6
3218,2020-05-14,200,6
3219,2020-05-14,300,7
3220,2020-05-14,400,6
3221,2020-05-14,500,5
3222,2020-05-14,600,5
3223,2020-05-14,700,6
3224,2020-05-14,800,7
3225,2020-05-14,900,8
3226,2020-05-14,1000,9
3227,2020-05-14,1100,9
3228,2020-05-14,1200,10
3229,2020-05-14,1300,10
3230,2020-05-14,1400,10
3231,2020-05-14,1500,9
3232,2020-05-14,1600,8
3233,2020-05-14,1700,7
3234,2020-05-14,1800,5
3235,2020-05-14,1900,4
3236,2020-05-14,2000,2
3237,2020-05-14,2100,0
3238,2020-05-14,2200,2
3239,2020-05-14,2300,4
3240,2020-05-15,0,6
3241,2020-05-15,100,6
3242,2020-05-15,200,5
3243,2020-05-15,300,5
3244,2020-05-15,400,5
3245,2020-05-15,500,5
3246,2020-05-15,600,6
3247,2020-05-15,700,7
3248,2020-05-15,800,8
3249,2020-05-15,900,9
3250,2020-05-15,1000,10
3251,2020-05-15,1100,10
3252,2020-05-15,1200,11
3253,2020-05-15,1300,11
3254,2020-05-15,1400,11
3255,2020-05-15,1500,11
3256,2020-05-15,1600,10
3257,2020-05-15,1700,9
3258,2020-05-15,1800,9
3259,2020-05-15,1900,8
3260,2020-05-15,2000,7
3261,2020-05-15,2100,6
3262,2020-05-15,2200,6
3263,2020-05-15,2300,7
3264,2020-05-16,0,8
3265,2020-05-16,100,7
3266,2020-05-16,200,7
3267,2020-05-16,300,7
3268,2020-05-16,400,7
3269,2020-05-16,500,7
3270,2020-05-16,600,8
3271,2020-05-16,700,9
3272,2020-05-16,800,10
3273,2020-05-16,900,12
3274,2020-05-16,1000,12
3275,2020-05-16,1100,12
3276,2020-05-16,1200,12
3277,2020-05-16,1300,13
3278,2020-05-16,1400,13
3279,2020-05-16,1500,13
3280,2020-05-16,1600,13
3281,2020-05-16,1700,12
3282,2020-05-16,1800,11
3283,2020-05-16,1900,11
3284,2020-05-16,2000,11
3285,2020-05-16,2100,11
3286,2020-05-16,2200,10
3287,2020-05-16,2300,10
3288,2020-05-17,0,10
3289,2020-05-17,100,9
3290,2020-05-17,200,9
3291,2020-05-17,300,8
3292,2020-05-17,400,9
3293,2020-05-17,500,9
3294,2020-05-17,600,9
3295,2020-05-17,700,10
3296,2020-05-17,800,11
3297,2020-05-17,900,13
3298,2020-05-17,1000,13
3299,2020-05-17,1100,14
3300,2020-05-17,1200,15
3301,2020-05-17,1300,15
3302,2020-05-17,1400,15
3303,2020-05-17,1500,15
3304,2020-05-17,1600,15
3305,2020-05-17,1700,14
3306,2020-05-17,1800,14
3307,2020-05-17,1900,12
3308,2020-05-17,2000,11
3309,2020-05-17,2100,10
3310,2020-05-17,2200,10
3311,2020-05-17,2300,9
3312,2020-05-18,0,9
3313,2020-05-18,100,10
3314,2020-05-18,200,10
3315,2020-05-18,300,11
3316,2020-05-18,400,11
3317,2020-05-18,500,11
3318,2020-05-18,600,12
3319,2020-05-18,700,12
3320,2020-05-18,800,13
3321,2020-05-18,900,13
3322,2020-05-18,1000,14
3323,2020-05-18,1100,15
3324,2020-05-18,1200,15
3325,2020-05-18,1300,15
3326,2020-05-18,1400,15
3327,2020-05-18,1500,14
3328,2020-05-18,1600,14
3329,2020-05-18,1700,14
3330,2020-05-18,1800,13
3331,2020-05-18,1900,13
3332,2020-05-18,2000,13
3333,2020-05-18,2100,12
3334,2020-05-18,2200,12
3335,2020-05-18,2300,12
3336,2020-05-19,0,12
3337,2020-05-19,100,12
3338,2020-05-19,200,12
3339,2020-05-19,300,12
3340,2020-05-19,400,12
3341,2020-05-19,500,12
3342,2020-05-19,600,12
3343,2020-05-19,700,13
3344,2020-05-19,800,14
3345,2020-05-19,900,15
3346,2020-05-19,1000,15
3347,2020-05-19,1100,15
3348,2020-05-19,1200,16
3349,2020-05-19,1300,16
3350,2020-05-19,1400,16
3351,2020-05-19,1500,16
3352,2020-05-19,1600,15
3353,2020-05-19,1700,14
3354,2020-05-19,1800,12
3355,2020-05-19,1900,11
3356,2020-05-19,2000,10
3357,2020-05-19,2100,9
3358,2020-05-19,2200,10
3359,2020-05-19,2300,11
3360,2020-05-20,0,11
3361,2020-05-20,100,11
3362,2020-05-20,200,11
3363,2020-05-20,300,10
3364,2020-05-20,400,11
3365,2020-05-20,500,11
3366,2020-05-20,600,12
3367,2020-05-20,700,13
3368,2020-05-20,800,14
3369,2020-05-20,900,15
3370,2020-05-20,1000,15
3371,2020-05-20,1100,16
3372,2020-05-20,1200,16
3373,2020-05-20,1300,16
3374,2020-05-20,1400,16
3375,2020-05-20,1500,16
3376,2020-05-20,1600,16
3377,2020-05-20,1700,15
3378,2020-05-20,1800,15
3379,2020-05-20,1900,14
3380,2020-05-20,2000,12
3381,2020-05-20,2100,11
3382,2020-05-20,2200,11
3383,2020-05-20,2300,11
3384,2020-05-21,0,10
3385,2020-05-21,100,10
3386,2020-05-21,200,10
3387,2020-05-21,300,10
3388,2020-05-21,400,10
3389,2020-05-21,500,10
3390,2020-05-21,600,11
3391,2020-05-21,700,11
3392,2020-05-21,800,12
3393,2020-05-21,900,12
3394,2020-05-21,1000,13
3395,2020-05-21,1100,14
3396,2020-05-21,1200,15
3397,2020-05-21,1300,15
3398,2020-05-21,1400,14
3399,2020-05-21,1500,14
3400,2020-05-21,1600,13
3401,2020-05-21,1700,13
3402,2020-05-21,1800,13
3403,2020-05-21,1900,12
3404,2020-05-21,2000,12
3405,2020-05-21,2100,11
3406,2020-05-21,2200,11
3407,2020-05-21,2300,11
3408,2020-05-22,0,11
3409,2020-05-22,100,11
3410,2020-05-22,200,11
3411,2020-05-22,300,11
3412,2020-05-22,400,11
3413,2020-05-22,500,11
3414,2020-05-22,600,11
3415,2020-05-22,700,12
3416,2020-05-22,800,12
3417,2020-05-22,900,13
3418,2020-05-22,1000,14
3419,2020-05-22,1100,14
3420,2020-05-22,1200,14
3421,2020-05-22,1300,14
3422,2020-05-22,1400,14
3423,2020-05-22,1500,15
3424,2020-05-22,1600,14
3425,2020-05-22,1700,14
3426,2020-05-22,1800,13
3427,2020-05-22,1900,12
3428,2020-05-22,2000,12
3429,2020-05-22,2100,11
3430,2020-05-22,2200,11
3431,2020-05-22,2300,10
3432,2020-05-23,0,10
3433,2020-05-23,100,10
3434,2020-05-23,200,10
3435,2020-05-23,300,10
3436,2020-05-23,400,10
3437,2020-05-23,500,10
3438,2020-05-23,600,10
3439,2020-05-23,700,10
3440,2020-05-23,800,11
3441,2020-05-23,900,11
3442,2020-05-23,1000,12
3443,2020-05-23,1100,12
3444,2020-05-23,1200,13
3445,2020-05-23,1300,13
3446,2020-05-23,1400,13
3447,2020-05-23,1500,12
3448,2020-05-23,1600,12
3449,2020-05-23,1700,12
3450,2020-05-23,1800,12
3451,2020-05-23,1900,12
3452,2020-05-23,2000,11
3453,2020-05-23,2100,11
3454,2020-05-23,2200,11
3455,2020-05-23,2300,11
3456,2020-05-24,0,11
3457,2020-05-24,100,11
3458,2020-05-24,200,11
3459,2020-05-24,300,12
3460,2020-05-24,400,11
3461,2020-05-24,500,11
3462,2020-05-24,600,11
3463,2020-05-24,700,12
3464,2020-05-24,800,13
3465,2020-05-24,900,13
3466,2020-05-24,1000,14
3467,2020-05-24,1100,15
3468,2020-05-24,1200,15
3469,2020-05-24,1300,16
3470,2020-05-24,1400,16
3471,2020-05-24,1500,16
3472,2020-05-24,1600,16
3473,2020-05-24,1700,16
3474,2020-05-24,1800,16
3475,2020-05-24,1900,14
3476,2020-05-24,2000,13
3477,2020-05-24,2100,12
3478,2020-05-24,2200,11
3479,2020-05-24,2300,10
3480,2020-05-25,0,10
3481,2020-05-25,100,10
3482,2020-05-25,200,10
3483,2020-05-25,300,9
3484,2020-05-25,400,10
3485,2020-05-25,500,11
3486,2020-05-25,600,11
3487,2020-05-25,700,12
3488,2020-05-25,800,13
3489,2020-05-25,900,14
3490,2020-05-25,1000,14
3491,2020-05-25,1100,15
3492,2020-05-25,1200,15
3493,2020-05-25,1300,16
3494,2020-05-25,1400,16
3495,2020-05-25,1500,16
3496,2020-05-25,1600,15
3497,2020-05-25,1700,14
3498,2020-05-25,1800,13
3499,2020-05-25,1900,13
3500,2020-05-25,2000,12
3501,2020-05-25,2100,11
3502,2020-05-25,2200,11
3503,2020-05-25,2300,11
3504,2020-05-26,0,11
3505,2020-05-26,100,11
3506,2020-05-26,200,11
3507,2020-05-26,300,11
3508,2020-05-26,400,12
3509,2020-05-26,500,12
3510,2020-05-26,600,12
3511,2020-05-26,700,13
3512,2020-05-26,800,14
3513,2020-05-26,900,15
3514,2020-05-26,1000,15
3515,2020-05-26,1100,15
3516,2020-05-26,1200,16
3517,2020-05-26,1300,15
3518,2020-05-26,1400,15
3519,2020-05-26,1500,15
3520,2020-05-26,1600,15
3521,2020-05-26,1700,15
3522,2020-05-26,1800,15
3523,2020-05-26,1900,14
3524,2020-05-26,2000,13
3525,2020-05-26,2100,12
3526,2020-05-26,2200,12
3527,2020-05-26,2300,12
3528,2020-05-27,0,11
3529,2020-05-27,100,11
3530,2020-05-27,200,11
3531,2020-05-27,300,11
3532,2020-05-27,400,12
3533,2020-05-27,500,12
3534,2020-05-27,600,13
3535,2020-05-27,700,13
3536,2020-05-27,800,14
3537,2020-05-27,900,14
3538,2020-05-27,1000,14
3539,2020-05-27,1100,15
3540,2020-05-27,1200,15
3541,2020-05-27,1300,15
3542,2020-05-27,1400,15
3543,2020-05-27,1500,15
3544,2020-05-27,1600,15
3545,2020-05-27,1700,14
3546,2020-05-27,1800,14
3547,2020-05-27,1900,13
3548,2020-05-27,2000,13
3549,2020-05-27,2100,12
3550,2020-05-27,2200,12
3551,2020-05-27,2300,12
3552,2020-05-28,0,12
3553,2020-05-28,100,12
3554,2020-05-28,200,12
3555,2020-05-28,300,12
3556,2020-05-28,400,13
3557,2020-05-28,500,13
3558,2020-05-28,600,14
3559,2020-05-28,700,14
3560,2020-05-28,800,15
3561,2020-05-28,900,16
3562,2020-05-28,1000,16
3563,2020-05-28,1100,17
3564,2020-05-28,1200,17
3565,2020-05-28,1300,18
3566,2020-05-28,1400,18
3567,2020-05-28,1500,18
3568,2020-05-28,1600,18
3569,2020-05-28,1700,17
3570,2020-05-28,1800,17
3571,2020-05-28,1900,16
3572,2020-05-28,2000,15
3573,2020-05-28,2100,14
3574,2020-05-28,2200,13
3575,2020-05-28,2300,13
3576,2020-05-29,0,13
3577,2020-05-29,100,13
3578,2020-05-29,200,13
3579,2020-05-29,300,12
3580,2020-05-29,400,13
3581,2020-05-29,500,13
3582,2020-05-29,600,14
3583,2020-05-29,700,14
3584,2020-05-29,800,15
3585,2020-05-29,900,15
3586,2020-05-29,1000,15
3587,2020-05-29,1100,16
3588,2020-05-29,1200,16
3589,2020-05-29,1300,16
3590,2020-05-29,1400,16
3591,2020-05-29,1500,16
3592,2020-05-29,1600,16
3593,2020-05-29,1700,16
3594,2020-05-29,1800,16
3595,2020-05-29,1900,15
3596,2020-05-29,2000,14
3597,2020-05-29,2100,13
3598,2020-05-29,2200,13
3599,2020-05-29,2300,13
3600,2020-05-30,0,13
3601,2020-05-30,100,13
3602,2020-05-30,200,13
3603,2020-05-30,300,13
3604,2020-05-30,400,13
3605,2020-05-30,500,13
3606,2020-05-30,600,14
3607,2020-05-30,700,15
3608,2020-05-30,800,15
3609,2020-05-30,900,16
3610,2020-05-30,1000,16
3611,2020-05-30,1100,16
3612,2020-05-30,1200,16
3613,2020-05-30,1300,16
3614,2020-05-30,1400,16
3615,2020-05-30,1500,16
3616,2020-05-30,1600,16
3617,2020-05-30,1700,16
3618,2020-05-30,1800,16
3619,2020-05-30,1900,15
3620,2020-05-30,2000,14
3621,2020-05-30,2100,13
3622,2020-05-30,2200,13
3623,2020-05-30,2300,13
3624,2020-05-31,0,13
3625,2020-05-31,100,13
3626,2020-05-31,200,13
3627,2020-05-31,300,13
3628,2020-05-31,400,13
3629,2020-05-31,500,13
3630,2020-05-31,600,14
3631,2020-05-31,700,14
3632,2020-05-31,800,14
3633,2020-05-31,900,15
3634,2020-05-31,1000,15
3635,2020-05-31,1100,15
3636,2020-05-31,1200,16
3637,2020-05-31,1300,16
3638,2020-05-31,1400,16
3639,2020-05-31,1500,17
3640,2020-05-31,1600,16
3641,2020-05-31,1700,15
3642,2020-05-31,1800,15
3643,2020-05-31,1900,15
3644,2020-05-31,2000,14
3645,2020-05-31,2100,14
3646,2020-05-31,2200,14
3647,2020-05-31,2300,13
3648,2020-06-01,0,13
3649,2020-06-01,100,13
3650,2020-06-01,200,13
3651,2020-06-01,300,13
3652,2020-06-01,400,13
3653,2020-06-01,500,14
3654,2020-06-01,600,15
3655,2020-06-01,700,15
3656,2020-06-01,800,16
3657,2020-06-01,900,17
3658,2020-06-01,1000,17
3659,2020-06-01,1100,16
3660,2020-06-01,1200,16
3661,2020-06-01,1300,16
3662,2020-06-01,1400,16
3663,2020-06-01,1500,16
3664,2020-06-01,1600,16
3665,2020-06-01,1700,16
3666,2020-06-01,1800,16
3667,2020-06-01,1900,15
3668,2020-06-01,2000,14
3669,2020-06-01,2100,14
3670,2020-06-01,2200,13
3671,2020-06-01,2300,13
3672,2020-06-02,0,13
3673,2020-06-02,100,13
3674,2020-06-02,200,13
3675,2020-06-02,300,13
3676,2020-06-02,400,13
3677,2020-06-02,500,14
3678,2020-06-02,600,14
3679,2020-06-02,700,15
3680,2020-06-02,800,16
3681,2020-06-02,900,17
3682,2020-06-02,1000,18
3683,2020-06-02,1100,19
3684,2020-06-02,1200,19
3685,2020-06-02,1300,19
3686,2020-06-02,1400,19
3687,2020-06-02,1500,19
3688,2020-06-02,1600,19
3689,2020-06-02,1700,18
3690,2020-06-02,1800,18
3691,2020-06-02,1900,17
3692,2020-06-02,2000,16
3693,2020-06-02,2100,15
3694,2020-06-02,2200,14
3695,2020-06-02,2300,13
3696,2020-06-03,0,13
3697,2020-06-03,100,13
3698,2020-06-03,200,12
3699,2020-06-03,300,12
3700,2020-06-03,400,12
3701,2020-06-03,500,11
3702,2020-06-03,600,11
3703,2020-06-03,700,11
3704,2020-06-03,800,12
3705,2020-06-03,900,12
3706,2020-06-03,1000,12
3707,2020-06-03,1100,12
3708,2020-06-03,1200,11
3709,2020-06-03,1300,12
3710,2020-06-03,1400,13
3711,2020-06-03,1500,13
3712,2020-06-03,1600,13
3713,2020-06-03,1700,13
3714,2020-06-03,1800,13
3715,2020-06-03,1900,12
3716,2020-06-03,2000,11
3717,2020-06-03,2100,10
3718,2020-06-03,2200,10
3719,2020-06-03,2300,9
3720,2020-06-04,0,8
3721,2020-06-04,100,8
3722,2020-06-04,200,8
3723,2020-06-04,300,7
3724,2020-06-04,400,8
3725,2020-06-04,500,8
3726,2020-06-04,600,8
3727,2020-06-04,700,9
3728,2020-06-04,800,9
3729,2020-06-04,900,10
3730,2020-06-04,1000,10
3731,2020-06-04,1100,10
3732,2020-06-04,1200,10
3733,2020-06-04,1300,11
3734,2020-06-04,1400,12
3735,2020-06-04,1500,13
3736,2020-06-04,1600,12
3737,2020-06-04,1700,11
3738,2020-06-04,1800,9
3739,2020-06-04,1900,8
3740,2020-06-04,2000,7
3741,2020-06-04,2100,5
3742,2020-06-04,2200,7
3743,2020-06-04,2300,8
3744,2020-06-05,0,10
3745,2020-06-05,100,9
3746,2020-06-05,200,9
3747,2020-06-05,300,8
3748,2020-06-05,400,8
3749,2020-06-05,500,8
3750,2020-06-05,600,9
3751,2020-06-05,700,9
3752,2020-06-05,800,10
3753,2020-06-05,900,10
3754,2020-06-05,1000,11
3755,2020-06-05,1100,11
3756,2020-06-05,1200,12
3757,2020-06-05,1300,11
3758,2020-06-05,1400,11
3759,2020-06-05,1500,11
3760,2020-06-05,1600,11
3761,2020-06-05,1700,10
3762,2020-06-05,1800,10
3763,2020-06-05,1900,9
3764,2020-06-05,2000,8
3765,2020-06-05,2100,7
3766,2020-06-05,2200,7
3767,2020-06-05,2300,7
3768,2020-06-06,0,6
3769,2020-06-06,100,7
3770,2020-06-06,200,7
3771,2020-06-06,300,8
3772,2020-06-06,400,8
3773,2020-06-06,500,9
3774,2020-06-06,600,9
3775,2020-06-06,700,10
3776,2020-06-06,800,10
3777,2020-06-06,900,11
3778,2020-06-06,1000,11
3779,2020-06-06,1100,11
3780,2020-06-06,1200,11
3781,2020-06-06,1300,12
3782,2020-06-06,1400,12
3783,2020-06-06,1500,13
3784,2020-06-06,1600,13
3785,2020-06-06,1700,12
3786,2020-06-06,1800,12
3787,2020-06-06,1900,12
3788,2020-06-06,2000,11
3789,2020-06-06,2100,11
3790,2020-06-06,2200,11
3791,2020-06-06,2300,10
3792,2020-06-07,0,10
3793,2020-06-07,100,10
3794,2020-06-07,200,10
3795,2020-06-07,300,10
3796,2020-06-07,400,10
3797,2020-06-07,500,9
3798,2020-06-07,600,9
3799,2020-06-07,700,10
3800,2020-06-07,800,11
3801,2020-06-07,900,11
3802,2020-06-07,1000,12
3803,2020-06-07,1100,12
3804,2020-06-07,1200,13
3805,2020-06-07,1300,13
3806,2020-06-07,1400,13
3807,2020-06-07,1500,14
3808,2020-06-07,1600,12
3809,2020-06-07,1700,11
3810,2020-06-07,1800,10
3811,2020-06-07,1900,8
3812,2020-06-07,2000,7
3813,2020-06-07,2100,6
3814,2020-06-07,2200,7
3815,2020-06-07,2300,8
3816,2020-06-08,0,9
3817,2020-06-08,100,9
3818,2020-06-08,200,8
3819,2020-06-08,300,7
3820,2020-06-08,400,7
3821,2020-06-08,500,7
3822,2020-06-08,600,7
3823,2020-06-08,700,9
3824,2020-06-08,800,10
3825,2020-06-08,900,11
3826,2020-06-08,1000,11
3827,2020-06-08,1100,12
3828,2020-06-08,1200,12
3829,2020-06-08,1300,12
3830,2020-06-08,1400,13
3831,2020-06-08,1500,13
3832,2020-06-08,1600,13
3833,2020-06-08,1700,13
3834,2020-06-08,1800,12
3835,2020-06-08,1900,12
3836,2020-06-08,2000,11
3837,2020-06-08,2100,10
3838,2020-06-08,2200,9
3839,2020-06-08,2300,9
3840,2020-06-09,0,9
3841,2020-06-09,100,9
3842,2020-06-09,200,9
3843,2020-06-09,300,8
3844,2020-06-09,400,9
3845,2020-06-09,500,9
3846,2020-06-09,600,10
3847,2020-06-09,700,10
3848,2020-06-09,800,11
3849,2020-06-09,900,12
3850,2020-06-09,1000,12
3851,2020-06-09,1100,12
3852,2020-06-09,1200,13
3853,2020-06-09,1300,13
3854,2020-06-09,1400,13
3855,2020-06-09,1500,13
3856,2020-06-09,1600,11
3857,2020-06-09,1700,10
3858,2020-06-09,1800,9
3859,2020-06-09,1900,8
3860,2020-06-09,2000,7
3861,2020-06-09,2100,6
3862,2020-06-09,2200,7
3863,2020-06-09,2300,9
3864,2020-06-10,0,10
3865,2020-06-10,100,10
3866,2020-06-10,200,10
3867,2020-06-10,300,11
3868,2020-06-10,400,11
3869,2020-06-10,500,11
3870,2020-06-10,600,11
3871,2020-06-10,700,11
3872,2020-06-10,800,11
3873,2020-06-10,900,11
3874,2020-06-10,1000,12
3875,2020-06-10,1100,12
3876,2020-06-10,1200,12
3877,2020-06-10,1300,12
3878,2020-06-10,1400,12
3879,2020-06-10,1500,12
3880,2020-06-10,1600,12
3881,2020-06-10,1700,12
3882,2020-06-10,1800,12
3883,2020-06-10,1900,11
3884,2020-06-10,2000,10
3885,2020-06-10,2100,9
3886,2020-06-10,2200,10
3887,2020-06-10,2300,10
3888,2020-06-11,0,11
3889,2020-06-11,100,11
3890,2020-06-11,200,11
3891,2020-06-11,300,11
3892,2020-06-11,400,11
3893,2020-06-11,500,11
3894,2020-06-11,600,11
3895,2020-06-11,700,11
3896,2020-06-11,800,11
3897,2020-06-11,900,11
3898,2020-06-11,1000,12
3899,2020-06-11,1100,12
3900,2020-06-11,1200,12
3901,2020-06-11,1300,12
3902,2020-06-11,1400,12
3903,2020-06-11,1500,11
3904,2020-06-11,1600,10
3905,2020-06-11,1700,9
3906,2020-06-11,1800,8
3907,2020-06-11,1900,7
3908,2020-06-11,2000,6
3909,2020-06-11,2100,4
3910,2020-06-11,2200,7
3911,2020-06-11,2300,9
3912,2020-06-12,0,11
3913,2020-06-12,100,11
3914,2020-06-12,200,11
3915,2020-06-12,300,11
3916,2020-06-12,400,11
3917,2020-06-12,500,11
3918,2020-06-12,600,12
3919,2020-06-12,700,12
3920,2020-06-12,800,12
3921,2020-06-12,900,12
3922,2020-06-12,1000,12
3923,2020-06-12,1100,12
3924,2020-06-12,1200,12
3925,2020-06-12,1300,12
3926,2020-06-12,1400,13
3927,2020-06-12,1500,13
3928,2020-06-12,1600,12
3929,2020-06-12,1700,11
3930,2020-06-12,1800,10
3931,2020-06-12,1900,8
3932,2020-06-12,2000,7
3933,2020-06-12,2100,6
3934,2020-06-12,2200,8
3935,2020-06-12,2300,10
3936,2020-06-13,0,12
3937,2020-06-13,100,12
3938,2020-06-13,200,12
3939,2020-06-13,300,12
3940,2020-06-13,400,12
3941,2020-06-13,500,12
3942,2020-06-13,600,12
3943,2020-06-13,700,12
3944,2020-06-13,800,12
3945,2020-06-13,900,12
3946,2020-06-13,1000,13
3947,2020-06-13,1100,14
3948,2020-06-13,1200,14
3949,2020-06-13,1300,15
3950,2020-06-13,1400,15
3951,2020-06-13,1500,15
3952,2020-06-13,1600,15
3953,2020-06-13,1700,15
3954,2020-06-13,1800,15
3955,2020-06-13,1900,14
3956,2020-06-13,2000,13
3957,2020-06-13,2100,13
3958,2020-06-13,2200,13
3959,2020-06-13,2300,13
3960,2020-06-14,0,13
3961,2020-06-14,100,12
3962,2020-06-14,200,12
3963,2020-06-14,300,12
3964,2020-06-14,400,13
3965,2020-06-14,500,13
3966,2020-06-14,600,14
3967,2020-06-14,700,14
3968,2020-06-14,800,14
3969,2020-06-14,900,15
3970,2020-06-14,1000,15
3971,2020-06-14,1100,15
3972,2020-06-14,1200,15
3973,2020-06-14,1300,15
3974,2020-06-14,1400,15
3975,2020-06-14,1500,15
3976,2020-06-14,1600,13
3977,2020-06-14,1700,12
3978,2020-06-14,1800,11
3979,2020-06-14,1900,10
3980,2020-06-14,2000,9
3981,2020-06-14,2100,9
3982,2020-06-14,2200,10
3983,2020-06-14,2300,11
3984,2020-06-15,0,12
3985,2020-06-15,100,12
3986,2020-06-15,200,12
3987,2020-06-15,300,12
3988,2020-06-15,400,12
3989,2020-06-15,500,13
3990,2020-06-15,600,13
3991,2020-06-15,700,14
3992,2020-06-15,800,15
3993,2020-06-15,900,16
3994,2020-06-15,1000,16
3995,2020-06-15,1100,16
3996,2020-06-15,1200,16
3997,2020-06-15,1300,17
3998,2020-06-15,1400,17
3999,2020-06-15,1500,17
4000,2020-06-15,1600,17
4001,2020-06-15,1700,17
4002,2020-06-15,1800,16
4003,2020-06-15,1900,16
4004,2020-06-15,2000,15
4005,2020-06-15,2100,14
4006,2020-06-15,2200,14
4007,2020-06-15,2300,13
4008,2020-06-16,0,13
4009,2020-06-16,100,13
4010,2020-06-16,200,13
4011,2020-06-16,300,13
4012,2020-06-16,400,13
4013,2020-06-16,500,14
4014,2020-06-16,600,14
4015,2020-06-16,700,15
4016,2020-06-16,800,15
4017,2020-06-16,900,16
4018,2020-06-16,1000,15
4019,2020-06-16,1100,15
4020,2020-06-16,1200,15
4021,2020-06-16,1300,15
4022,2020-06-16,1400,15
4023,2020-06-16,1500,16
4024,2020-06-16,1600,15
4025,2020-06-16,1700,15
4026,2020-06-16,1800,15
4027,2020-06-16,1900,14
4028,2020-06-16,2000,14
4029,2020-06-16,2100,13
4030,2020-06-16,2200,13
4031,2020-06-16,2300,13
4032,2020-06-17,0,13
4033,2020-06-17,100,13
4034,2020-06-17,200,12
4035,2020-06-17,300,12
4036,2020-06-17,400,12
4037,2020-06-17,500,12
4038,2020-06-17,600,12
4039,2020-06-17,700,13
4040,2020-06-17,800,13
4041,2020-06-17,900,14
4042,2020-06-17,1000,14
4043,2020-06-17,1100,14
4044,2020-06-17,1200,14
4045,2020-06-17,1300,14
4046,2020-06-17,1400,14
4047,2020-06-17,1500,14
4048,2020-06-17,1600,14
4049,2020-06-17,1700,13
4050,2020-06-17,1800,12
4051,2020-06-17,1900,10
4052,2020-06-17,2000,8
4053,2020-06-17,2100,6
4054,2020-06-17,2200,8
4055,2020-06-17,2300,10
4056,2020-06-18,0,13
4057,2020-06-18,100,13
4058,2020-06-18,200,13
4059,2020-06-18,300,13
4060,2020-06-18,400,13
4061,2020-06-18,500,13
4062,2020-06-18,600,13
4063,2020-06-18,700,14
4064,2020-06-18,800,14
4065,2020-06-18,900,15
4066,2020-06-18,1000,15
4067,2020-06-18,1100,15
4068,2020-06-18,1200,15
4069,2020-06-18,1300,15
4070,2020-06-18,1400,15
4071,2020-06-18,1500,15
4072,2020-06-18,1600,14
4073,2020-06-18,1700,14
4074,2020-06-18,1800,13
4075,2020-06-18,1900,13
4076,2020-06-18,2000,13
4077,2020-06-18,2100,13
4078,2020-06-18,2200,13
4079,2020-06-18,2300,13
